Iso3,StartDate,EndDate,Area Code,Area Code (M49),Area,Element Code,Element,ISO Currency Code,Currency,Year Code,Year,Months Code,Months,Unit,Value,Flag
BFA,1970-01-01,1970-12-31,233,'854,Burkina Faso,LCU,Local currency units per USD,XOF,CFA Franc BCEAO,1970,1970,7021,Annual value,,276.403137000000020,X
BFA,1970-01-01,1970-01-31,233,'854,Burkina Faso,LCU,Local currency units per USD,XOF,CFA Franc BCEAO,1970,1970,7001,January,,277.656058499999970,X
BFA,1970-02-01,1970-02-28,233,'854,Burkina Faso,LCU,Local currency units per USD,XOF,CFA Franc BCEAO,1970,1970,7002,February,,277.201056800000000,X
BFA,1970-03-01,1970-03-31,233,'854,Burkina Faso,LCU,Local currency units per USD,XOF,CFA Franc BCEAO,1970,1970,7003,March,,277.156056600000000,X
BFA,1970-04-01,1970-04-30,233,'854,Burkina Faso,LCU,Local currency units per USD,XOF,CFA Franc BCEAO,1970,1970,7004,April,,276.581054400000030,X
BFA,1970-05-01,1970-05-31,233,'854,Burkina Faso,LCU,Local currency units per USD,XOF,CFA Franc BCEAO,1970,1970,7005,May,,276.066052399999990,X
BFA,1970-06-01,1970-06-30,233,'854,Burkina Faso,LCU,Local currency units per USD,XOF,CFA Franc BCEAO,1970,1970,7006,June,,276.026052199999980,X
BFA,1970-07-01,1970-07-31,233,'854,Burkina Faso,LCU,Local currency units per USD,XOF,CFA Franc BCEAO,1970,1970,7007,July,,275.886051700000000,X
BFA,1970-08-01,1970-08-31,233,'854,Burkina Faso,LCU,Local currency units per USD,XOF,CFA Franc BCEAO,1970,1970,7008,August,,276.051052299999980,X
BFA,1970-09-01,1970-09-30,233,'854,Burkina Faso,LCU,Local currency units per USD,XOF,CFA Franc BCEAO,1970,1970,7009,September,,276.011052199999990,X
BFA,1970-10-01,1970-10-31,233,'854,Burkina Faso,LCU,Local currency units per USD,XOF,CFA Franc BCEAO,1970,1970,7010,October,,276.151052699999980,X
BFA,1970-11-01,1970-11-30,233,'854,Burkina Faso,LCU,Local currency units per USD,XOF,CFA Franc BCEAO,1970,1970,7011,November,,275.926051900000000,X
BFA,1970-12-01,1970-12-31,233,'854,Burkina Faso,LCU,Local currency units per USD,XOF,CFA Franc BCEAO,1970,1970,7012,December,,276.126052599999980,X
BFA,1971-01-01,1971-12-31,233,'854,Burkina Faso,LCU,Local currency units per USD,XOF,CFA Franc BCEAO,1971,1971,7021,Annual value,,275.356456700000020,X
BFA,1971-01-01,1971-01-31,233,'854,Burkina Faso,LCU,Local currency units per USD,XOF,CFA Franc BCEAO,1971,1971,7001,January,,275.931051900000000,X
BFA,1971-02-01,1971-02-28,233,'854,Burkina Faso,LCU,Local currency units per USD,XOF,CFA Franc BCEAO,1971,1971,7002,February,,275.891051699999990,X
BFA,1971-03-01,1971-03-31,233,'854,Burkina Faso,LCU,Local currency units per USD,XOF,CFA Franc BCEAO,1971,1971,7003,March,,275.766051300000020,X
BFA,1971-04-01,1971-04-30,233,'854,Burkina Faso,LCU,Local currency units per USD,XOF,CFA Franc BCEAO,1971,1971,7004,April,,275.781051300000000,X
BFA,1971-05-01,1971-05-31,233,'854,Burkina Faso,LCU,Local currency units per USD,XOF,CFA Franc BCEAO,1971,1971,7005,May,,276.301053299999980,X
BFA,1971-06-01,1971-06-30,233,'854,Burkina Faso,LCU,Local currency units per USD,XOF,CFA Franc BCEAO,1971,1971,7006,June,,276.356053499999970,X
BFA,1971-07-01,1971-07-31,233,'854,Burkina Faso,LCU,Local currency units per USD,XOF,CFA Franc BCEAO,1971,1971,7007,July,,275.666050900000020,X
BFA,1971-08-01,1971-08-31,233,'854,Burkina Faso,LCU,Local currency units per USD,XOF,CFA Franc BCEAO,1971,1971,7008,August,,275.731051200000020,X
BFA,1971-09-01,1971-09-30,233,'854,Burkina Faso,LCU,Local currency units per USD,XOF,CFA Franc BCEAO,1971,1971,7009,September,,276.021052300000010,X
BFA,1971-10-01,1971-10-31,233,'854,Burkina Faso,LCU,Local currency units per USD,XOF,CFA Franc BCEAO,1971,1971,7010,October,,276.656054600000000,X
BFA,1971-11-01,1971-11-30,233,'854,Burkina Faso,LCU,Local currency units per USD,XOF,CFA Franc BCEAO,1971,1971,7011,November,,276.221052999999980,X
BFA,1971-12-01,1971-12-31,233,'854,Burkina Faso,LCU,Local currency units per USD,XOF,CFA Franc BCEAO,1971,1971,7012,December,,267.955905299999980,X
BFA,1972-01-01,1972-12-31,233,'854,Burkina Faso,LCU,Local currency units per USD,XOF,CFA Franc BCEAO,1972,1972,7021,Annual value,,252.027627499999990,X
BFA,1972-01-01,1972-01-31,233,'854,Burkina Faso,LCU,Local currency units per USD,XOF,CFA Franc BCEAO,1972,1972,7001,January,,258.690986200000000,X
BFA,1972-02-01,1972-02-29,233,'854,Burkina Faso,LCU,Local currency units per USD,XOF,CFA Franc BCEAO,1972,1972,7002,February,,254.415969899999990,X
BFA,1972-03-01,1972-03-31,233,'854,Burkina Faso,LCU,Local currency units per USD,XOF,CFA Franc BCEAO,1972,1972,7003,March,,252.020960800000010,X
BFA,1972-04-01,1972-04-30,233,'854,Burkina Faso,LCU,Local currency units per USD,XOF,CFA Franc BCEAO,1972,1972,7004,April,,251.835960099999990,X
BFA,1972-05-01,1972-05-31,233,'854,Burkina Faso,LCU,Local currency units per USD,XOF,CFA Franc BCEAO,1972,1972,7005,May,,250.680955700000000,X
BFA,1972-06-01,1972-06-30,233,'854,Burkina Faso,LCU,Local currency units per USD,XOF,CFA Franc BCEAO,1972,1972,7006,June,,250.675955700000000,X
BFA,1972-07-01,1972-07-31,233,'854,Burkina Faso,LCU,Local currency units per USD,XOF,CFA Franc BCEAO,1972,1972,7007,July,,250.110953499999990,X
BFA,1972-08-01,1972-08-31,233,'854,Burkina Faso,LCU,Local currency units per USD,XOF,CFA Franc BCEAO,1972,1972,7008,August,,250.175953700000010,X
BFA,1972-09-01,1972-09-30,233,'854,Burkina Faso,LCU,Local currency units per USD,XOF,CFA Franc BCEAO,1972,1972,7009,September,,250.250954000000010,X
BFA,1972-10-01,1972-10-31,233,'854,Burkina Faso,LCU,Local currency units per USD,XOF,CFA Franc BCEAO,1972,1972,7010,October,,251.150957400000010,X
BFA,1972-11-01,1972-11-30,233,'854,Burkina Faso,LCU,Local currency units per USD,XOF,CFA Franc BCEAO,1972,1972,7011,November,,252.090960999999990,X
BFA,1972-12-01,1972-12-31,233,'854,Burkina Faso,LCU,Local currency units per USD,XOF,CFA Franc BCEAO,1972,1972,7012,December,,252.230961600000000,X
BFA,1973-01-01,1973-12-31,233,'854,Burkina Faso,LCU,Local currency units per USD,XOF,CFA Franc BCEAO,1973,1973,7021,Annual value,,222.889183100000000,X
BFA,1973-01-01,1973-01-31,233,'854,Burkina Faso,LCU,Local currency units per USD,XOF,CFA Franc BCEAO,1973,1973,7001,January,,254.150968900000010,X
BFA,1973-02-01,1973-02-28,233,'854,Burkina Faso,LCU,Local currency units per USD,XOF,CFA Franc BCEAO,1973,1973,7002,February,,240.650917400000000,X
BFA,1973-03-01,1973-03-31,233,'854,Burkina Faso,LCU,Local currency units per USD,XOF,CFA Franc BCEAO,1973,1973,7003,March,,226.500863500000010,X
BFA,1973-04-01,1973-04-30,233,'854,Burkina Faso,LCU,Local currency units per USD,XOF,CFA Franc BCEAO,1973,1973,7004,April,,227.635867800000000,X
BFA,1973-05-01,1973-05-31,233,'854,Burkina Faso,LCU,Local currency units per USD,XOF,CFA Franc BCEAO,1973,1973,7005,May,,224.140854499999990,X
BFA,1973-06-01,1973-06-30,233,'854,Burkina Faso,LCU,Local currency units per USD,XOF,CFA Franc BCEAO,1973,1973,7006,June,,212.545810300000000,X
BFA,1973-07-01,1973-07-31,233,'854,Burkina Faso,LCU,Local currency units per USD,XOF,CFA Franc BCEAO,1973,1973,7007,July,,202.730772900000010,X
BFA,1973-08-01,1973-08-31,233,'854,Burkina Faso,LCU,Local currency units per USD,XOF,CFA Franc BCEAO,1973,1973,7008,August,,212.245809100000000,X
BFA,1973-09-01,1973-09-30,233,'854,Burkina Faso,LCU,Local currency units per USD,XOF,CFA Franc BCEAO,1973,1973,7009,September,,213.015812100000010,X
BFA,1973-10-01,1973-10-31,233,'854,Burkina Faso,LCU,Local currency units per USD,XOF,CFA Franc BCEAO,1973,1973,7010,October,,210.705803300000010,X
BFA,1973-11-01,1973-11-30,233,'854,Burkina Faso,LCU,Local currency units per USD,XOF,CFA Franc BCEAO,1973,1973,7011,November,,220.870842000000010,X
BFA,1973-12-01,1973-12-31,233,'854,Burkina Faso,LCU,Local currency units per USD,XOF,CFA Franc BCEAO,1973,1973,7012,December,,229.475874800000010,X
BFA,1974-01-01,1974-12-31,233,'854,Burkina Faso,LCU,Local currency units per USD,XOF,CFA Franc BCEAO,1974,1974,7021,Annual value,,240.704667599999990,X
BFA,1974-01-01,1974-01-31,233,'854,Burkina Faso,LCU,Local currency units per USD,XOF,CFA Franc BCEAO,1974,1974,7001,January,,252.705963400000000,X
BFA,1974-02-01,1974-02-28,233,'854,Burkina Faso,LCU,Local currency units per USD,XOF,CFA Franc BCEAO,1974,1974,7002,February,,247.770944600000010,X
BFA,1974-03-01,1974-03-31,233,'854,Burkina Faso,LCU,Local currency units per USD,XOF,CFA Franc BCEAO,1974,1974,7003,March,,241.170919400000000,X
BFA,1974-04-01,1974-04-30,233,'854,Burkina Faso,LCU,Local currency units per USD,XOF,CFA Franc BCEAO,1974,1974,7004,April,,243.210927199999990,X
BFA,1974-05-01,1974-05-31,233,'854,Burkina Faso,LCU,Local currency units per USD,XOF,CFA Franc BCEAO,1974,1974,7005,May,,243.815929500000010,X
BFA,1974-06-01,1974-06-30,233,'854,Burkina Faso,LCU,Local currency units per USD,XOF,CFA Franc BCEAO,1974,1974,7006,June,,245.130934500000000,X
BFA,1974-07-01,1974-07-31,233,'854,Burkina Faso,LCU,Local currency units per USD,XOF,CFA Franc BCEAO,1974,1974,7007,July,,238.445909000000000,X
BFA,1974-08-01,1974-08-31,233,'854,Burkina Faso,LCU,Local currency units per USD,XOF,CFA Franc BCEAO,1974,1974,7008,August,,238.820910500000000,X
BFA,1974-09-01,1974-09-30,233,'854,Burkina Faso,LCU,Local currency units per USD,XOF,CFA Franc BCEAO,1974,1974,7009,September,,240.085915300000010,X
BFA,1974-10-01,1974-10-31,233,'854,Burkina Faso,LCU,Local currency units per USD,XOF,CFA Franc BCEAO,1974,1974,7010,October,,236.745902500000000,X
BFA,1974-11-01,1974-11-30,233,'854,Burkina Faso,LCU,Local currency units per USD,XOF,CFA Franc BCEAO,1974,1974,7011,November,,233.685890900000000,X
BFA,1974-12-01,1974-12-31,233,'854,Burkina Faso,LCU,Local currency units per USD,XOF,CFA Franc BCEAO,1974,1974,7012,December,,226.865864899999990,X
BFA,1975-01-01,1975-12-31,233,'854,Burkina Faso,LCU,Local currency units per USD,XOF,CFA Franc BCEAO,1975,1975,7021,Annual value,,214.312900300000000,X
BFA,1975-01-01,1975-01-31,233,'854,Burkina Faso,LCU,Local currency units per USD,XOF,CFA Franc BCEAO,1975,1975,7001,January,,218.260832099999990,X
BFA,1975-02-01,1975-02-28,233,'854,Burkina Faso,LCU,Local currency units per USD,XOF,CFA Franc BCEAO,1975,1975,7002,February,,214.050816000000000,X
BFA,1975-03-01,1975-03-31,233,'854,Burkina Faso,LCU,Local currency units per USD,XOF,CFA Franc BCEAO,1975,1975,7003,March,,210.015800600000010,X
BFA,1975-04-01,1975-04-30,233,'854,Burkina Faso,LCU,Local currency units per USD,XOF,CFA Franc BCEAO,1975,1975,7004,April,,209.865800100000000,X
BFA,1975-05-01,1975-05-31,233,'854,Burkina Faso,LCU,Local currency units per USD,XOF,CFA Franc BCEAO,1975,1975,7005,May,,202.105770500000010,X
BFA,1975-06-01,1975-06-30,233,'854,Burkina Faso,LCU,Local currency units per USD,XOF,CFA Franc BCEAO,1975,1975,7006,June,,200.215763299999990,X
BFA,1975-07-01,1975-07-31,233,'854,Burkina Faso,LCU,Local currency units per USD,XOF,CFA Franc BCEAO,1975,1975,7007,July,,211.245805300000000,X
BFA,1975-08-01,1975-08-31,233,'854,Burkina Faso,LCU,Local currency units per USD,XOF,CFA Franc BCEAO,1975,1975,7008,August,,218.790834100000010,X
BFA,1975-09-01,1975-09-30,233,'854,Burkina Faso,LCU,Local currency units per USD,XOF,CFA Franc BCEAO,1975,1975,7009,September,,223.550852200000010,X
BFA,1975-10-01,1975-10-31,233,'854,Burkina Faso,LCU,Local currency units per USD,XOF,CFA Franc BCEAO,1975,1975,7010,October,,220.470840500000010,X
BFA,1975-11-01,1975-11-30,233,'854,Burkina Faso,LCU,Local currency units per USD,XOF,CFA Franc BCEAO,1975,1975,7011,November,,220.260839699999990,X
BFA,1975-12-01,1975-12-31,233,'854,Burkina Faso,LCU,Local currency units per USD,XOF,CFA Franc BCEAO,1975,1975,7012,December,,222.920849800000010,X
BFA,1976-01-01,1976-12-31,233,'854,Burkina Faso,LCU,Local currency units per USD,XOF,CFA Franc BCEAO,1976,1976,7021,Annual value,,238.950494300000000,X
BFA,1976-01-01,1976-01-31,233,'854,Burkina Faso,LCU,Local currency units per USD,XOF,CFA Franc BCEAO,1976,1976,7001,January,,223.765852999999990,X
BFA,1976-02-01,1976-02-29,233,'854,Burkina Faso,LCU,Local currency units per USD,XOF,CFA Franc BCEAO,1976,1976,7002,February,,223.480851900000000,X
BFA,1976-03-01,1976-03-31,233,'854,Burkina Faso,LCU,Local currency units per USD,XOF,CFA Franc BCEAO,1976,1976,7003,March,,231.180881300000010,X
BFA,1976-04-01,1976-04-30,233,'854,Burkina Faso,LCU,Local currency units per USD,XOF,CFA Franc BCEAO,1976,1976,7004,April,,233.500890199999990,X
BFA,1976-05-01,1976-05-31,233,'854,Burkina Faso,LCU,Local currency units per USD,XOF,CFA Franc BCEAO,1976,1976,7005,May,,235.000895899999990,X
BFA,1976-06-01,1976-06-30,233,'854,Burkina Faso,LCU,Local currency units per USD,XOF,CFA Franc BCEAO,1976,1976,7006,June,,236.870903000000000,X
BFA,1976-07-01,1976-07-31,233,'854,Burkina Faso,LCU,Local currency units per USD,XOF,CFA Franc BCEAO,1976,1976,7007,July,,242.240923500000010,X
BFA,1976-08-01,1976-08-31,233,'854,Burkina Faso,LCU,Local currency units per USD,XOF,CFA Franc BCEAO,1976,1976,7008,August,,248.110945899999990,X
BFA,1976-09-01,1976-09-30,233,'854,Burkina Faso,LCU,Local currency units per USD,XOF,CFA Franc BCEAO,1976,1976,7009,September,,245.375935400000000,X
BFA,1976-10-01,1976-10-31,233,'854,Burkina Faso,LCU,Local currency units per USD,XOF,CFA Franc BCEAO,1976,1976,7010,October,,249.000949300000000,X
BFA,1976-11-01,1976-11-30,233,'854,Burkina Faso,LCU,Local currency units per USD,XOF,CFA Franc BCEAO,1976,1976,7011,November,,249.500951200000000,X
BFA,1976-12-01,1976-12-31,233,'854,Burkina Faso,LCU,Local currency units per USD,XOF,CFA Franc BCEAO,1976,1976,7012,December,,249.375950600000010,X
BFA,1977-01-01,1977-12-31,233,'854,Burkina Faso,LCU,Local currency units per USD,XOF,CFA Franc BCEAO,1977,1977,7021,Annual value,,245.679686600000000,X
BFA,1977-01-01,1977-01-31,233,'854,Burkina Faso,LCU,Local currency units per USD,XOF,CFA Franc BCEAO,1977,1977,7001,January,,248.470947200000010,X
BFA,1977-02-01,1977-02-28,233,'854,Burkina Faso,LCU,Local currency units per USD,XOF,CFA Franc BCEAO,1977,1977,7002,February,,248.940948999999990,X
BFA,1977-03-01,1977-03-31,233,'854,Burkina Faso,LCU,Local currency units per USD,XOF,CFA Franc BCEAO,1977,1977,7003,March,,249.070949500000010,X
BFA,1977-04-01,1977-04-30,233,'854,Burkina Faso,LCU,Local currency units per USD,XOF,CFA Franc BCEAO,1977,1977,7004,April,,248.225946300000000,X
BFA,1977-05-01,1977-05-31,233,'854,Burkina Faso,LCU,Local currency units per USD,XOF,CFA Franc BCEAO,1977,1977,7005,May,,247.630944000000000,X
BFA,1977-06-01,1977-06-30,233,'854,Burkina Faso,LCU,Local currency units per USD,XOF,CFA Franc BCEAO,1977,1977,7006,June,,246.990941600000010,X
BFA,1977-07-01,1977-07-31,233,'854,Burkina Faso,LCU,Local currency units per USD,XOF,CFA Franc BCEAO,1977,1977,7007,July,,242.535924599999990,X
BFA,1977-08-01,1977-08-31,233,'854,Burkina Faso,LCU,Local currency units per USD,XOF,CFA Franc BCEAO,1977,1977,7008,August,,244.860933499999990,X
BFA,1977-09-01,1977-09-30,233,'854,Burkina Faso,LCU,Local currency units per USD,XOF,CFA Franc BCEAO,1977,1977,7009,September,,246.100938200000000,X
BFA,1977-10-01,1977-10-31,233,'854,Burkina Faso,LCU,Local currency units per USD,XOF,CFA Franc BCEAO,1977,1977,7010,October,,242.960926199999990,X
BFA,1977-11-01,1977-11-30,233,'854,Burkina Faso,LCU,Local currency units per USD,XOF,CFA Franc BCEAO,1977,1977,7011,November,,242.690925200000010,X
BFA,1977-12-01,1977-12-31,233,'854,Burkina Faso,LCU,Local currency units per USD,XOF,CFA Franc BCEAO,1977,1977,7012,December,,239.675913700000000,X
BFA,1978-01-01,1978-12-31,233,'854,Burkina Faso,LCU,Local currency units per USD,XOF,CFA Franc BCEAO,1978,1978,7021,Annual value,,225.655860200000010,X
BFA,1978-01-01,1978-01-31,233,'854,Burkina Faso,LCU,Local currency units per USD,XOF,CFA Franc BCEAO,1978,1978,7001,January,,235.845899100000000,X
BFA,1978-02-01,1978-02-28,233,'854,Burkina Faso,LCU,Local currency units per USD,XOF,CFA Franc BCEAO,1978,1978,7002,February,,241.945922300000010,X
BFA,1978-03-01,1978-03-31,233,'854,Burkina Faso,LCU,Local currency units per USD,XOF,CFA Franc BCEAO,1978,1978,7003,March,,235.675898399999990,X
BFA,1978-04-01,1978-04-30,233,'854,Burkina Faso,LCU,Local currency units per USD,XOF,CFA Franc BCEAO,1978,1978,7004,April,,229.235873900000000,X
BFA,1978-05-01,1978-05-31,233,'854,Burkina Faso,LCU,Local currency units per USD,XOF,CFA Franc BCEAO,1978,1978,7005,May,,232.550886600000010,X
BFA,1978-06-01,1978-06-30,233,'854,Burkina Faso,LCU,Local currency units per USD,XOF,CFA Franc BCEAO,1978,1978,7006,June,,229.100873400000010,X
BFA,1978-07-01,1978-07-31,233,'854,Burkina Faso,LCU,Local currency units per USD,XOF,CFA Franc BCEAO,1978,1978,7007,July,,221.950846100000010,X
BFA,1978-08-01,1978-08-31,233,'854,Burkina Faso,LCU,Local currency units per USD,XOF,CFA Franc BCEAO,1978,1978,7008,August,,218.020831100000010,X
BFA,1978-09-01,1978-09-30,233,'854,Burkina Faso,LCU,Local currency units per USD,XOF,CFA Franc BCEAO,1978,1978,7009,September,,218.095831400000010,X
BFA,1978-10-01,1978-10-31,233,'854,Burkina Faso,LCU,Local currency units per USD,XOF,CFA Franc BCEAO,1978,1978,7010,October,,211.190805100000010,X
BFA,1978-11-01,1978-11-30,233,'854,Burkina Faso,LCU,Local currency units per USD,XOF,CFA Franc BCEAO,1978,1978,7011,November,,218.245832000000010,X
BFA,1978-12-01,1978-12-31,233,'854,Burkina Faso,LCU,Local currency units per USD,XOF,CFA Franc BCEAO,1978,1978,7012,December,,216.010823399999990,X
BFA,1979-01-01,1979-12-31,233,'854,Burkina Faso,LCU,Local currency units per USD,XOF,CFA Franc BCEAO,1979,1979,7021,Annual value,,212.721644300000010,X
BFA,1979-01-01,1979-01-31,233,'854,Burkina Faso,LCU,Local currency units per USD,XOF,CFA Franc BCEAO,1979,1979,7001,January,,212.060808400000010,X
BFA,1979-02-01,1979-02-28,233,'854,Burkina Faso,LCU,Local currency units per USD,XOF,CFA Franc BCEAO,1979,1979,7002,February,,213.810815100000010,X
BFA,1979-03-01,1979-03-31,233,'854,Burkina Faso,LCU,Local currency units per USD,XOF,CFA Franc BCEAO,1979,1979,7003,March,,214.375817200000000,X
BFA,1979-04-01,1979-04-30,233,'854,Burkina Faso,LCU,Local currency units per USD,XOF,CFA Franc BCEAO,1979,1979,7004,April,,217.530829200000000,X
BFA,1979-05-01,1979-05-31,233,'854,Burkina Faso,LCU,Local currency units per USD,XOF,CFA Franc BCEAO,1979,1979,7005,May,,220.365840100000010,X
BFA,1979-06-01,1979-06-30,233,'854,Burkina Faso,LCU,Local currency units per USD,XOF,CFA Franc BCEAO,1979,1979,7006,June,,218.245832000000010,X
BFA,1979-07-01,1979-07-31,233,'854,Burkina Faso,LCU,Local currency units per USD,XOF,CFA Franc BCEAO,1979,1979,7007,July,,212.230809099999990,X
BFA,1979-08-01,1979-08-31,233,'854,Burkina Faso,LCU,Local currency units per USD,XOF,CFA Franc BCEAO,1979,1979,7008,August,,212.865811500000010,X
BFA,1979-09-01,1979-09-30,233,'854,Burkina Faso,LCU,Local currency units per USD,XOF,CFA Franc BCEAO,1979,1979,7009,September,,210.005800599999990,X
BFA,1979-10-01,1979-10-31,233,'854,Burkina Faso,LCU,Local currency units per USD,XOF,CFA Franc BCEAO,1979,1979,7010,October,,209.830799899999990,X
BFA,1979-11-01,1979-11-30,233,'854,Burkina Faso,LCU,Local currency units per USD,XOF,CFA Franc BCEAO,1979,1979,7011,November,,208.035793100000010,X
BFA,1979-12-01,1979-12-31,233,'854,Burkina Faso,LCU,Local currency units per USD,XOF,CFA Franc BCEAO,1979,1979,7012,December,,203.300774999999990,X
BFA,1980-01-01,1980-12-31,233,'854,Burkina Faso,LCU,Local currency units per USD,XOF,CFA Franc BCEAO,1980,1980,7021,Annual value,,211.279555399999990,X
BFA,1980-01-01,1980-01-31,233,'854,Burkina Faso,LCU,Local currency units per USD,XOF,CFA Franc BCEAO,1980,1980,7001,January,,201.910769700000000,X
BFA,1980-02-01,1980-02-29,233,'854,Burkina Faso,LCU,Local currency units per USD,XOF,CFA Franc BCEAO,1980,1980,7002,February,,204.780780600000010,X
BFA,1980-03-01,1980-03-31,233,'854,Burkina Faso,LCU,Local currency units per USD,XOF,CFA Franc BCEAO,1980,1980,7003,March,,215.680822199999990,X
BFA,1980-04-01,1980-04-30,233,'854,Burkina Faso,LCU,Local currency units per USD,XOF,CFA Franc BCEAO,1980,1980,7004,April,,217.120827700000010,X
BFA,1980-05-01,1980-05-31,233,'854,Burkina Faso,LCU,Local currency units per USD,XOF,CFA Franc BCEAO,1980,1980,7005,May,,209.055796899999990,X
BFA,1980-06-01,1980-06-30,233,'854,Burkina Faso,LCU,Local currency units per USD,XOF,CFA Franc BCEAO,1980,1980,7006,June,,205.640783900000000,X
BFA,1980-07-01,1980-07-31,233,'854,Burkina Faso,LCU,Local currency units per USD,XOF,CFA Franc BCEAO,1980,1980,7007,July,,202.760772900000010,X
BFA,1980-08-01,1980-08-31,233,'854,Burkina Faso,LCU,Local currency units per USD,XOF,CFA Franc BCEAO,1980,1980,7008,August,,207.510791000000010,X
BFA,1980-09-01,1980-09-30,233,'854,Burkina Faso,LCU,Local currency units per USD,XOF,CFA Franc BCEAO,1980,1980,7009,September,,207.940792700000000,X
BFA,1980-10-01,1980-10-31,233,'854,Burkina Faso,LCU,Local currency units per USD,XOF,CFA Franc BCEAO,1980,1980,7010,October,,212.130808699999990,X
BFA,1980-11-01,1980-11-30,233,'854,Burkina Faso,LCU,Local currency units per USD,XOF,CFA Franc BCEAO,1980,1980,7011,November,,222.450848000000010,X
BFA,1980-12-01,1980-12-31,233,'854,Burkina Faso,LCU,Local currency units per USD,XOF,CFA Franc BCEAO,1980,1980,7012,December,,228.370870599999990,X
BFA,1981-01-01,1981-12-31,233,'854,Burkina Faso,LCU,Local currency units per USD,XOF,CFA Franc BCEAO,1981,1981,7021,Annual value,,271.731452600000010,X
BFA,1981-01-01,1981-01-31,233,'854,Burkina Faso,LCU,Local currency units per USD,XOF,CFA Franc BCEAO,1981,1981,7001,January,,232.055884700000010,X
BFA,1981-02-01,1981-02-28,233,'854,Burkina Faso,LCU,Local currency units per USD,XOF,CFA Franc BCEAO,1981,1981,7002,February,,248.405946900000000,X
BFA,1981-03-01,1981-03-31,233,'854,Burkina Faso,LCU,Local currency units per USD,XOF,CFA Franc BCEAO,1981,1981,7003,March,,248.500947300000010,X
BFA,1981-04-01,1981-04-30,233,'854,Burkina Faso,LCU,Local currency units per USD,XOF,CFA Franc BCEAO,1981,1981,7004,April,,255.280973200000010,X
BFA,1981-05-01,1981-05-31,233,'854,Burkina Faso,LCU,Local currency units per USD,XOF,CFA Franc BCEAO,1981,1981,7005,May,,274.451046200000010,X
BFA,1981-06-01,1981-06-30,233,'854,Burkina Faso,LCU,Local currency units per USD,XOF,CFA Franc BCEAO,1981,1981,7006,June,,283.061079099999970,X
BFA,1981-07-01,1981-07-31,233,'854,Burkina Faso,LCU,Local currency units per USD,XOF,CFA Franc BCEAO,1981,1981,7007,July,,289.971105400000000,X
BFA,1981-08-01,1981-08-31,233,'854,Burkina Faso,LCU,Local currency units per USD,XOF,CFA Franc BCEAO,1981,1981,7008,August,,299.076140099999980,X
BFA,1981-09-01,1981-09-30,233,'854,Burkina Faso,LCU,Local currency units per USD,XOF,CFA Franc BCEAO,1981,1981,7009,September,,282.216075800000000,X
BFA,1981-10-01,1981-10-31,233,'854,Burkina Faso,LCU,Local currency units per USD,XOF,CFA Franc BCEAO,1981,1981,7010,October,,281.241072200000020,X
BFA,1981-11-01,1981-11-30,233,'854,Burkina Faso,LCU,Local currency units per USD,XOF,CFA Franc BCEAO,1981,1981,7011,November,,280.736070199999970,X
BFA,1981-12-01,1981-12-31,233,'854,Burkina Faso,LCU,Local currency units per USD,XOF,CFA Franc BCEAO,1981,1981,7012,December,,285.781089399999980,X
BFA,1982-01-01,1982-12-31,233,'854,Burkina Faso,LCU,Local currency units per USD,XOF,CFA Franc BCEAO,1982,1982,7021,Annual value,,328.606252700000030,X
BFA,1982-01-01,1982-01-31,233,'854,Burkina Faso,LCU,Local currency units per USD,XOF,CFA Franc BCEAO,1982,1982,7001,January,,291.256110299999990,X
BFA,1982-02-01,1982-02-28,233,'854,Burkina Faso,LCU,Local currency units per USD,XOF,CFA Franc BCEAO,1982,1982,7002,February,,300.871147000000010,X
BFA,1982-03-01,1982-03-31,233,'854,Burkina Faso,LCU,Local currency units per USD,XOF,CFA Franc BCEAO,1982,1982,7003,March,,307.106170700000010,X
BFA,1982-04-01,1982-04-30,233,'854,Burkina Faso,LCU,Local currency units per USD,XOF,CFA Franc BCEAO,1982,1982,7004,April,,312.171190000000020,X
BFA,1982-05-01,1982-05-31,233,'854,Burkina Faso,LCU,Local currency units per USD,XOF,CFA Franc BCEAO,1982,1982,7005,May,,300.676146300000030,X
BFA,1982-06-01,1982-06-30,233,'854,Burkina Faso,LCU,Local currency units per USD,XOF,CFA Franc BCEAO,1982,1982,7006,June,,328.956254000000000,X
BFA,1982-07-01,1982-07-31,233,'854,Burkina Faso,LCU,Local currency units per USD,XOF,CFA Franc BCEAO,1982,1982,7007,July,,342.261304800000000,X
BFA,1982-08-01,1982-08-31,233,'854,Burkina Faso,LCU,Local currency units per USD,XOF,CFA Franc BCEAO,1982,1982,7008,August,,345.796318199999970,X
BFA,1982-09-01,1982-09-30,233,'854,Burkina Faso,LCU,Local currency units per USD,XOF,CFA Franc BCEAO,1982,1982,7009,September,,353.211346499999990,X
BFA,1982-10-01,1982-10-31,233,'854,Burkina Faso,LCU,Local currency units per USD,XOF,CFA Franc BCEAO,1982,1982,7010,October,,357.366362299999990,X
BFA,1982-11-01,1982-11-30,233,'854,Burkina Faso,LCU,Local currency units per USD,XOF,CFA Franc BCEAO,1982,1982,7011,November,,360.736375200000000,X
BFA,1982-12-01,1982-12-31,233,'854,Burkina Faso,LCU,Local currency units per USD,XOF,CFA Franc BCEAO,1982,1982,7012,December,,342.866307099999970,X
BFA,1983-01-01,1983-12-31,233,'854,Burkina Faso,LCU,Local currency units per USD,XOF,CFA Franc BCEAO,1983,1983,7021,Annual value,,381.066036000000000,X
BFA,1983-01-01,1983-01-31,233,'854,Burkina Faso,LCU,Local currency units per USD,XOF,CFA Franc BCEAO,1983,1983,7001,January,,338.471290300000020,X
BFA,1983-02-01,1983-02-28,233,'854,Burkina Faso,LCU,Local currency units per USD,XOF,CFA Franc BCEAO,1983,1983,7002,February,,344.091311700000010,X
BFA,1983-03-01,1983-03-31,233,'854,Burkina Faso,LCU,Local currency units per USD,XOF,CFA Franc BCEAO,1983,1983,7003,March,,350.546336300000010,X
BFA,1983-04-01,1983-04-30,233,'854,Burkina Faso,LCU,Local currency units per USD,XOF,CFA Franc BCEAO,1983,1983,7004,April,,365.826394600000010,X
BFA,1983-05-01,1983-05-31,233,'854,Burkina Faso,LCU,Local currency units per USD,XOF,CFA Franc BCEAO,1983,1983,7005,May,,371.501416300000020,X
BFA,1983-06-01,1983-06-30,233,'854,Burkina Faso,LCU,Local currency units per USD,XOF,CFA Franc BCEAO,1983,1983,7006,June,,383.166460700000020,X
BFA,1983-07-01,1983-07-31,233,'854,Burkina Faso,LCU,Local currency units per USD,XOF,CFA Franc BCEAO,1983,1983,7007,July,,388.981482900000000,X
BFA,1983-08-01,1983-08-31,233,'854,Burkina Faso,LCU,Local currency units per USD,XOF,CFA Franc BCEAO,1983,1983,7008,August,,402.021532600000000,X
BFA,1983-09-01,1983-09-30,233,'854,Burkina Faso,LCU,Local currency units per USD,XOF,CFA Franc BCEAO,1983,1983,7009,September,,403.021536400000000,X
BFA,1983-10-01,1983-10-31,233,'854,Burkina Faso,LCU,Local currency units per USD,XOF,CFA Franc BCEAO,1983,1983,7010,October,,397.451515200000020,X
BFA,1983-11-01,1983-11-30,233,'854,Burkina Faso,LCU,Local currency units per USD,XOF,CFA Franc BCEAO,1983,1983,7011,November,,408.621557699999980,X
BFA,1983-12-01,1983-12-31,233,'854,Burkina Faso,LCU,Local currency units per USD,XOF,CFA Franc BCEAO,1983,1983,7012,December,,419.091597700000020,X
BFA,1984-01-01,1984-12-31,233,'854,Burkina Faso,LCU,Local currency units per USD,XOF,CFA Franc BCEAO,1984,1984,7021,Annual value,,436.956665800000000,X
BFA,1984-01-01,1984-01-31,233,'854,Burkina Faso,LCU,Local currency units per USD,XOF,CFA Franc BCEAO,1984,1984,7001,January,,429.606637799999990,X
BFA,1984-02-01,1984-02-29,233,'854,Burkina Faso,LCU,Local currency units per USD,XOF,CFA Franc BCEAO,1984,1984,7002,February,,416.156586500000000,X
BFA,1984-03-01,1984-03-31,233,'854,Burkina Faso,LCU,Local currency units per USD,XOF,CFA Franc BCEAO,1984,1984,7003,March,,400.091525199999980,X
BFA,1984-04-01,1984-04-30,233,'854,Burkina Faso,LCU,Local currency units per USD,XOF,CFA Franc BCEAO,1984,1984,7004,April,,405.681546599999990,X
BFA,1984-05-01,1984-05-31,233,'854,Burkina Faso,LCU,Local currency units per USD,XOF,CFA Franc BCEAO,1984,1984,7005,May,,422.496610700000020,X
BFA,1984-06-01,1984-06-30,233,'854,Burkina Faso,LCU,Local currency units per USD,XOF,CFA Franc BCEAO,1984,1984,7006,June,,420.991604900000030,X
BFA,1984-07-01,1984-07-31,233,'854,Burkina Faso,LCU,Local currency units per USD,XOF,CFA Franc BCEAO,1984,1984,7007,July,,436.981665900000000,X
BFA,1984-08-01,1984-08-31,233,'854,Burkina Faso,LCU,Local currency units per USD,XOF,CFA Franc BCEAO,1984,1984,7008,August,,443.101689200000010,X
BFA,1984-09-01,1984-09-30,233,'854,Burkina Faso,LCU,Local currency units per USD,XOF,CFA Franc BCEAO,1984,1984,7009,September,,463.956768700000000,X
BFA,1984-10-01,1984-10-31,233,'854,Burkina Faso,LCU,Local currency units per USD,XOF,CFA Franc BCEAO,1984,1984,7010,October,,470.866795000000020,X
BFA,1984-11-01,1984-11-30,233,'854,Burkina Faso,LCU,Local currency units per USD,XOF,CFA Franc BCEAO,1984,1984,7011,November,,458.706748699999990,X
BFA,1984-12-01,1984-12-31,233,'854,Burkina Faso,LCU,Local currency units per USD,XOF,CFA Franc BCEAO,1984,1984,7012,December,,474.841810200000000,X
BFA,1985-01-01,1985-12-31,233,'854,Burkina Faso,LCU,Local currency units per USD,XOF,CFA Franc BCEAO,1985,1985,7021,Annual value,,449.262962700000000,X
BFA,1985-01-01,1985-01-31,233,'854,Burkina Faso,LCU,Local currency units per USD,XOF,CFA Franc BCEAO,1985,1985,7001,January,,484.911848599999980,X
BFA,1985-02-01,1985-02-28,233,'854,Burkina Faso,LCU,Local currency units per USD,XOF,CFA Franc BCEAO,1985,1985,7002,February,,503.536919599999980,X
BFA,1985-03-01,1985-03-31,233,'854,Burkina Faso,LCU,Local currency units per USD,XOF,CFA Franc BCEAO,1985,1985,7003,March,,505.576927399999990,X
BFA,1985-04-01,1985-04-30,233,'854,Burkina Faso,LCU,Local currency units per USD,XOF,CFA Franc BCEAO,1985,1985,7004,April,,470.561793900000000,X
BFA,1985-05-01,1985-05-31,233,'854,Burkina Faso,LCU,Local currency units per USD,XOF,CFA Franc BCEAO,1985,1985,7005,May,,473.536805300000030,X
BFA,1985-06-01,1985-06-30,233,'854,Burkina Faso,LCU,Local currency units per USD,XOF,CFA Franc BCEAO,1985,1985,7006,June,,466.971780200000010,X
BFA,1985-07-01,1985-07-31,233,'854,Burkina Faso,LCU,Local currency units per USD,XOF,CFA Franc BCEAO,1985,1985,7007,July,,443.886692200000030,X
BFA,1985-08-01,1985-08-31,233,'854,Burkina Faso,LCU,Local currency units per USD,XOF,CFA Franc BCEAO,1985,1985,7008,August,,426.206624799999990,X
BFA,1985-09-01,1985-09-30,233,'854,Burkina Faso,LCU,Local currency units per USD,XOF,CFA Franc BCEAO,1985,1985,7009,September,,432.936650499999980,X
BFA,1985-10-01,1985-10-31,233,'854,Burkina Faso,LCU,Local currency units per USD,XOF,CFA Franc BCEAO,1985,1985,7010,October,,403.376537799999990,X
BFA,1985-11-01,1985-11-30,233,'854,Burkina Faso,LCU,Local currency units per USD,XOF,CFA Franc BCEAO,1985,1985,7011,November,,394.731504799999980,X
BFA,1985-12-01,1985-12-31,233,'854,Burkina Faso,LCU,Local currency units per USD,XOF,CFA Franc BCEAO,1985,1985,7012,December,,384.921467399999980,X
BFA,1986-01-01,1986-12-31,233,'854,Burkina Faso,LCU,Local currency units per USD,XOF,CFA Franc BCEAO,1986,1986,7021,Annual value,,346.305903600000020,X
BFA,1986-01-01,1986-01-31,233,'854,Burkina Faso,LCU,Local currency units per USD,XOF,CFA Franc BCEAO,1986,1986,7001,January,,374.901429200000000,X
BFA,1986-02-01,1986-02-28,233,'854,Burkina Faso,LCU,Local currency units per USD,XOF,CFA Franc BCEAO,1986,1986,7002,February,,358.106365200000030,X
BFA,1986-03-01,1986-03-31,233,'854,Burkina Faso,LCU,Local currency units per USD,XOF,CFA Franc BCEAO,1986,1986,7003,March,,348.146327199999970,X
BFA,1986-04-01,1986-04-30,233,'854,Burkina Faso,LCU,Local currency units per USD,XOF,CFA Franc BCEAO,1986,1986,7004,April,,359.821371699999990,X
BFA,1986-05-01,1986-05-31,233,'854,Burkina Faso,LCU,Local currency units per USD,XOF,CFA Franc BCEAO,1986,1986,7005,May,,355.736356199999990,X
BFA,1986-06-01,1986-06-30,233,'854,Burkina Faso,LCU,Local currency units per USD,XOF,CFA Franc BCEAO,1986,1986,7006,June,,356.461358899999990,X
BFA,1986-07-01,1986-07-31,233,'854,Burkina Faso,LCU,Local currency units per USD,XOF,CFA Franc BCEAO,1986,1986,7007,July,,346.346320400000020,X
BFA,1986-08-01,1986-08-31,233,'854,Burkina Faso,LCU,Local currency units per USD,XOF,CFA Franc BCEAO,1986,1986,7008,August,,336.311282100000030,X
BFA,1986-09-01,1986-09-30,233,'854,Burkina Faso,LCU,Local currency units per USD,XOF,CFA Franc BCEAO,1986,1986,7009,September,,334.001273299999980,X
BFA,1986-10-01,1986-10-31,233,'854,Burkina Faso,LCU,Local currency units per USD,XOF,CFA Franc BCEAO,1986,1986,7010,October,,327.456248399999990,X
BFA,1986-11-01,1986-11-30,233,'854,Burkina Faso,LCU,Local currency units per USD,XOF,CFA Franc BCEAO,1986,1986,7011,November,,331.241262800000020,X
BFA,1986-12-01,1986-12-31,233,'854,Burkina Faso,LCU,Local currency units per USD,XOF,CFA Franc BCEAO,1986,1986,7012,December,,327.141247200000010,X
BFA,1987-01-01,1987-12-31,233,'854,Burkina Faso,LCU,Local currency units per USD,XOF,CFA Franc BCEAO,1987,1987,7021,Annual value,,300.536562399999980,X
BFA,1987-01-01,1987-01-31,233,'854,Burkina Faso,LCU,Local currency units per USD,XOF,CFA Franc BCEAO,1987,1987,7001,January,,309.716180700000000,X
BFA,1987-02-01,1987-02-28,233,'854,Burkina Faso,LCU,Local currency units per USD,XOF,CFA Franc BCEAO,1987,1987,7002,February,,304.221159800000010,X
BFA,1987-03-01,1987-03-31,233,'854,Burkina Faso,LCU,Local currency units per USD,XOF,CFA Franc BCEAO,1987,1987,7003,March,,305.231163600000000,X
BFA,1987-04-01,1987-04-30,233,'854,Burkina Faso,LCU,Local currency units per USD,XOF,CFA Franc BCEAO,1987,1987,7004,April,,301.576149699999970,X
BFA,1987-05-01,1987-05-31,233,'854,Burkina Faso,LCU,Local currency units per USD,XOF,CFA Franc BCEAO,1987,1987,7005,May,,298.481137900000020,X
BFA,1987-06-01,1987-06-30,233,'854,Burkina Faso,LCU,Local currency units per USD,XOF,CFA Franc BCEAO,1987,1987,7006,June,,303.751157999999980,X
BFA,1987-07-01,1987-07-31,233,'854,Burkina Faso,LCU,Local currency units per USD,XOF,CFA Franc BCEAO,1987,1987,7007,July,,307.571172600000010,X
BFA,1987-08-01,1987-08-31,233,'854,Burkina Faso,LCU,Local currency units per USD,XOF,CFA Franc BCEAO,1987,1987,7008,August,,310.101182199999980,X
BFA,1987-09-01,1987-09-30,233,'854,Burkina Faso,LCU,Local currency units per USD,XOF,CFA Franc BCEAO,1987,1987,7009,September,,302.616153699999980,X
BFA,1987-10-01,1987-10-31,233,'854,Burkina Faso,LCU,Local currency units per USD,XOF,CFA Franc BCEAO,1987,1987,7010,October,,300.996147500000010,X
BFA,1987-11-01,1987-11-30,233,'854,Burkina Faso,LCU,Local currency units per USD,XOF,CFA Franc BCEAO,1987,1987,7011,November,,285.331087799999980,X
BFA,1987-12-01,1987-12-31,233,'854,Burkina Faso,LCU,Local currency units per USD,XOF,CFA Franc BCEAO,1987,1987,7012,December,,276.846055400000010,X
BFA,1988-01-01,1988-12-31,233,'854,Burkina Faso,LCU,Local currency units per USD,XOF,CFA Franc BCEAO,1988,1988,7021,Annual value,,297.848218799999980,X
BFA,1988-01-01,1988-01-31,233,'854,Burkina Faso,LCU,Local currency units per USD,XOF,CFA Franc BCEAO,1988,1988,7001,January,,278.766062700000020,X
BFA,1988-02-01,1988-02-29,233,'854,Burkina Faso,LCU,Local currency units per USD,XOF,CFA Franc BCEAO,1988,1988,7002,February,,286.846093499999990,X
BFA,1988-03-01,1988-03-31,233,'854,Burkina Faso,LCU,Local currency units per USD,XOF,CFA Franc BCEAO,1988,1988,7003,March,,284.711085400000000,X
BFA,1988-04-01,1988-04-30,233,'854,Burkina Faso,LCU,Local currency units per USD,XOF,CFA Franc BCEAO,1988,1988,7004,April,,284.011082699999970,X
BFA,1988-05-01,1988-05-31,233,'854,Burkina Faso,LCU,Local currency units per USD,XOF,CFA Franc BCEAO,1988,1988,7005,May,,286.696093000000020,X
BFA,1988-06-01,1988-06-30,233,'854,Burkina Faso,LCU,Local currency units per USD,XOF,CFA Franc BCEAO,1988,1988,7006,June,,296.096128799999970,X
BFA,1988-07-01,1988-07-31,233,'854,Burkina Faso,LCU,Local currency units per USD,XOF,CFA Franc BCEAO,1988,1988,7007,July,,310.761184700000000,X
BFA,1988-08-01,1988-08-31,233,'854,Burkina Faso,LCU,Local currency units per USD,XOF,CFA Franc BCEAO,1988,1988,7008,August,,319.561218300000010,X
BFA,1988-09-01,1988-09-30,233,'854,Burkina Faso,LCU,Local currency units per USD,XOF,CFA Franc BCEAO,1988,1988,7009,September,,317.516210500000000,X
BFA,1988-10-01,1988-10-31,233,'854,Burkina Faso,LCU,Local currency units per USD,XOF,CFA Franc BCEAO,1988,1988,7010,October,,310.876185200000010,X
BFA,1988-11-01,1988-11-30,233,'854,Burkina Faso,LCU,Local currency units per USD,XOF,CFA Franc BCEAO,1988,1988,7011,November,,298.511138000000020,X
BFA,1988-12-01,1988-12-31,233,'854,Burkina Faso,LCU,Local currency units per USD,XOF,CFA Franc BCEAO,1988,1988,7012,December,,299.826143000000000,X
BFA,1989-01-01,1989-12-31,233,'854,Burkina Faso,LCU,Local currency units per USD,XOF,CFA Franc BCEAO,1989,1989,7021,Annual value,,319.008299500000020,X
BFA,1989-01-01,1989-01-31,233,'854,Burkina Faso,LCU,Local currency units per USD,XOF,CFA Franc BCEAO,1989,1989,7001,January,,312.516191400000030,X
BFA,1989-02-01,1989-02-28,233,'854,Burkina Faso,LCU,Local currency units per USD,XOF,CFA Franc BCEAO,1989,1989,7002,February,,315.361202300000000,X
BFA,1989-03-01,1989-03-31,233,'854,Burkina Faso,LCU,Local currency units per USD,XOF,CFA Franc BCEAO,1989,1989,7003,March,,316.241205600000000,X
BFA,1989-04-01,1989-04-30,233,'854,Burkina Faso,LCU,Local currency units per USD,XOF,CFA Franc BCEAO,1989,1989,7004,April,,316.241205600000000,X
BFA,1989-05-01,1989-05-31,233,'854,Burkina Faso,LCU,Local currency units per USD,XOF,CFA Franc BCEAO,1989,1989,7005,May,,330.831261199999970,X
BFA,1989-06-01,1989-06-30,233,'854,Burkina Faso,LCU,Local currency units per USD,XOF,CFA Franc BCEAO,1989,1989,7006,June,,336.046281099999990,X
BFA,1989-07-01,1989-07-31,233,'854,Burkina Faso,LCU,Local currency units per USD,XOF,CFA Franc BCEAO,1989,1989,7007,July,,321.186224499999980,X
BFA,1989-08-01,1989-08-31,233,'854,Burkina Faso,LCU,Local currency units per USD,XOF,CFA Franc BCEAO,1989,1989,7008,August,,325.096239400000000,X
BFA,1989-09-01,1989-09-30,233,'854,Burkina Faso,LCU,Local currency units per USD,XOF,CFA Franc BCEAO,1989,1989,7009,September,,329.646256699999980,X
BFA,1989-10-01,1989-10-31,233,'854,Burkina Faso,LCU,Local currency units per USD,XOF,CFA Franc BCEAO,1989,1989,7010,October,,316.651207199999990,X
BFA,1989-11-01,1989-11-30,233,'854,Burkina Faso,LCU,Local currency units per USD,XOF,CFA Franc BCEAO,1989,1989,7011,November,,311.001185599999990,X
BFA,1989-12-01,1989-12-31,233,'854,Burkina Faso,LCU,Local currency units per USD,XOF,CFA Franc BCEAO,1989,1989,7012,December,,297.281133300000020,X
BFA,1990-01-01,1990-12-31,233,'854,Burkina Faso,LCU,Local currency units per USD,XOF,CFA Franc BCEAO,1990,1990,7021,Annual value,,272.264788000000010,X
BFA,1990-01-01,1990-01-31,233,'854,Burkina Faso,LCU,Local currency units per USD,XOF,CFA Franc BCEAO,1990,1990,7001,January,,287.991097900000000,X
BFA,1990-02-01,1990-02-28,233,'854,Burkina Faso,LCU,Local currency units per USD,XOF,CFA Franc BCEAO,1990,1990,7002,February,,284.641085100000000,X
BFA,1990-03-01,1990-03-31,233,'854,Burkina Faso,LCU,Local currency units per USD,XOF,CFA Franc BCEAO,1990,1990,7003,March,,287.746097000000020,X
BFA,1990-04-01,1990-04-30,233,'854,Burkina Faso,LCU,Local currency units per USD,XOF,CFA Franc BCEAO,1990,1990,7004,April,,283.471080700000020,X
BFA,1990-05-01,1990-05-31,233,'854,Burkina Faso,LCU,Local currency units per USD,XOF,CFA Franc BCEAO,1990,1990,7005,May,,279.931067199999970,X
BFA,1990-06-01,1990-06-30,233,'854,Burkina Faso,LCU,Local currency units per USD,XOF,CFA Franc BCEAO,1990,1990,7006,June,,283.241079800000020,X
BFA,1990-07-01,1990-07-31,233,'854,Burkina Faso,LCU,Local currency units per USD,XOF,CFA Franc BCEAO,1990,1990,7007,July,,275.026048500000000,X
BFA,1990-08-01,1990-08-31,233,'854,Burkina Faso,LCU,Local currency units per USD,XOF,CFA Franc BCEAO,1990,1990,7008,August,,263.656005100000020,X
BFA,1990-09-01,1990-09-30,233,'854,Burkina Faso,LCU,Local currency units per USD,XOF,CFA Franc BCEAO,1990,1990,7009,September,,262.876002200000020,X
BFA,1990-10-01,1990-10-31,233,'854,Burkina Faso,LCU,Local currency units per USD,XOF,CFA Franc BCEAO,1990,1990,7010,October,,255.250973100000010,X
BFA,1990-11-01,1990-11-30,233,'854,Burkina Faso,LCU,Local currency units per USD,XOF,CFA Franc BCEAO,1990,1990,7011,November,,250.025953200000000,X
BFA,1990-12-01,1990-12-31,233,'854,Burkina Faso,LCU,Local currency units per USD,XOF,CFA Franc BCEAO,1990,1990,7012,December,,253.320965699999990,X
BFA,1991-01-01,1991-12-31,233,'854,Burkina Faso,LCU,Local currency units per USD,XOF,CFA Franc BCEAO,1991,1991,7021,Annual value,,282.106908799999990,X
BFA,1991-01-01,1991-01-31,233,'854,Burkina Faso,LCU,Local currency units per USD,XOF,CFA Franc BCEAO,1991,1991,7001,January,,256.535978000000000,X
BFA,1991-02-01,1991-02-28,233,'854,Burkina Faso,LCU,Local currency units per USD,XOF,CFA Franc BCEAO,1991,1991,7002,February,,251.970960600000010,X
BFA,1991-03-01,1991-03-31,233,'854,Burkina Faso,LCU,Local currency units per USD,XOF,CFA Franc BCEAO,1991,1991,7003,March,,272.991040699999980,X
BFA,1991-04-01,1991-04-30,233,'854,Burkina Faso,LCU,Local currency units per USD,XOF,CFA Franc BCEAO,1991,1991,7004,April,,287.971097800000000,X
BFA,1991-05-01,1991-05-31,233,'854,Burkina Faso,LCU,Local currency units per USD,XOF,CFA Franc BCEAO,1991,1991,7005,May,,290.986109300000010,X
BFA,1991-06-01,1991-06-30,233,'854,Burkina Faso,LCU,Local currency units per USD,XOF,CFA Franc BCEAO,1991,1991,7006,June,,302.906154800000020,X
BFA,1991-07-01,1991-07-31,233,'854,Burkina Faso,LCU,Local currency units per USD,XOF,CFA Franc BCEAO,1991,1991,7007,July,,303.596157399999980,X
BFA,1991-08-01,1991-08-31,233,'854,Burkina Faso,LCU,Local currency units per USD,XOF,CFA Franc BCEAO,1991,1991,7008,August,,296.521130400000000,X
BFA,1991-09-01,1991-09-30,233,'854,Burkina Faso,LCU,Local currency units per USD,XOF,CFA Franc BCEAO,1991,1991,7009,September,,289.001101800000010,X
BFA,1991-10-01,1991-10-31,233,'854,Burkina Faso,LCU,Local currency units per USD,XOF,CFA Franc BCEAO,1991,1991,7010,October,,288.151098499999990,X
BFA,1991-11-01,1991-11-30,233,'854,Burkina Faso,LCU,Local currency units per USD,XOF,CFA Franc BCEAO,1991,1991,7011,November,,276.846055400000010,X
BFA,1991-12-01,1991-12-31,233,'854,Burkina Faso,LCU,Local currency units per USD,XOF,CFA Franc BCEAO,1991,1991,7012,December,,267.806020999999990,X
BFA,1992-01-01,1992-12-31,233,'854,Burkina Faso,LCU,Local currency units per USD,XOF,CFA Franc BCEAO,1992,1992,7021,Annual value,,264.691800800000010,X
BFA,1992-01-01,1992-01-31,233,'854,Burkina Faso,LCU,Local currency units per USD,XOF,CFA Franc BCEAO,1992,1992,7001,January,,269.006025500000020,X
BFA,1992-02-01,1992-02-29,233,'854,Burkina Faso,LCU,Local currency units per USD,XOF,CFA Franc BCEAO,1992,1992,7002,February,,275.556050500000030,X
BFA,1992-03-01,1992-03-31,233,'854,Burkina Faso,LCU,Local currency units per USD,XOF,CFA Franc BCEAO,1992,1992,7003,March,,281.986075000000030,X
BFA,1992-04-01,1992-04-30,233,'854,Burkina Faso,LCU,Local currency units per USD,XOF,CFA Franc BCEAO,1992,1992,7004,April,,278.701062499999980,X
BFA,1992-05-01,1992-05-31,233,'854,Burkina Faso,LCU,Local currency units per USD,XOF,CFA Franc BCEAO,1992,1992,7005,May,,272.466038700000010,X
BFA,1992-06-01,1992-06-30,233,'854,Burkina Faso,LCU,Local currency units per USD,XOF,CFA Franc BCEAO,1992,1992,7006,June,,264.925509999999970,X
BFA,1992-07-01,1992-07-31,233,'854,Burkina Faso,LCU,Local currency units per USD,XOF,CFA Franc BCEAO,1992,1992,7007,July,,251.560959000000000,X
BFA,1992-08-01,1992-08-31,233,'854,Burkina Faso,LCU,Local currency units per USD,XOF,CFA Franc BCEAO,1992,1992,7008,August,,246.240938699999990,X
BFA,1992-09-01,1992-09-30,233,'854,Burkina Faso,LCU,Local currency units per USD,XOF,CFA Franc BCEAO,1992,1992,7009,September,,246.195938600000010,X
BFA,1992-10-01,1992-10-31,233,'854,Burkina Faso,LCU,Local currency units per USD,XOF,CFA Franc BCEAO,1992,1992,7010,October,,251.535958900000000,X
BFA,1992-11-01,1992-11-30,233,'854,Burkina Faso,LCU,Local currency units per USD,XOF,CFA Franc BCEAO,1992,1992,7011,November,,268.471023500000000,X
BFA,1992-12-01,1992-12-31,233,'854,Burkina Faso,LCU,Local currency units per USD,XOF,CFA Franc BCEAO,1992,1992,7012,December,,269.656027999999990,X
BFA,1993-01-01,1993-12-31,233,'854,Burkina Faso,LCU,Local currency units per USD,XOF,CFA Franc BCEAO,1993,1993,7021,Annual value,,283.162579499999990,X
BFA,1993-01-01,1993-01-31,233,'854,Burkina Faso,LCU,Local currency units per USD,XOF,CFA Franc BCEAO,1993,1993,7001,January,,274.061044799999990,X
BFA,1993-02-01,1993-02-28,233,'854,Burkina Faso,LCU,Local currency units per USD,XOF,CFA Franc BCEAO,1993,1993,7002,February,,278.196060600000010,X
BFA,1993-03-01,1993-03-31,233,'854,Burkina Faso,LCU,Local currency units per USD,XOF,CFA Franc BCEAO,1993,1993,7003,March,,279.746066499999980,X
BFA,1993-04-01,1993-04-30,233,'854,Burkina Faso,LCU,Local currency units per USD,XOF,CFA Franc BCEAO,1993,1993,7004,April,,269.861028799999990,X
BFA,1993-05-01,1993-05-31,233,'854,Burkina Faso,LCU,Local currency units per USD,XOF,CFA Franc BCEAO,1993,1993,7005,May,,270.621031700000000,X
BFA,1993-06-01,1993-06-30,233,'854,Burkina Faso,LCU,Local currency units per USD,XOF,CFA Franc BCEAO,1993,1993,7006,June,,278.261060800000000,X
BFA,1993-07-01,1993-07-31,233,'854,Burkina Faso,LCU,Local currency units per USD,XOF,CFA Franc BCEAO,1993,1993,7007,July,,291.701112099999990,X
BFA,1993-08-01,1993-08-31,233,'854,Burkina Faso,LCU,Local currency units per USD,XOF,CFA Franc BCEAO,1993,1993,7008,August,,296.381129900000020,X
BFA,1993-09-01,1993-09-30,233,'854,Burkina Faso,LCU,Local currency units per USD,XOF,CFA Franc BCEAO,1993,1993,7009,September,,283.762081799999980,X
BFA,1993-10-01,1993-10-31,233,'854,Burkina Faso,LCU,Local currency units per USD,XOF,CFA Franc BCEAO,1993,1993,7010,October,,287.469595900000000,X
BFA,1993-11-01,1993-11-30,233,'854,Burkina Faso,LCU,Local currency units per USD,XOF,CFA Franc BCEAO,1993,1993,7011,November,,295.458126400000030,X
BFA,1993-12-01,1993-12-31,233,'854,Burkina Faso,LCU,Local currency units per USD,XOF,CFA Franc BCEAO,1993,1993,7012,December,,292.432614800000010,X
BFA,1994-01-01,1994-12-31,233,'854,Burkina Faso,LCU,Local currency units per USD,XOF,CFA Franc BCEAO,1994,1994,7021,Annual value,,555.204695700000000,X
BFA,1994-01-01,1994-01-31,233,'854,Burkina Faso,LCU,Local currency units per USD,XOF,CFA Franc BCEAO,1994,1994,7001,January,,592.045208600000020,X
BFA,1994-02-01,1994-02-28,233,'854,Burkina Faso,LCU,Local currency units per USD,XOF,CFA Franc BCEAO,1994,1994,7002,February,,590.100207999999950,X
BFA,1994-03-01,1994-03-31,233,'854,Burkina Faso,LCU,Local currency units per USD,XOF,CFA Franc BCEAO,1994,1994,7003,March,,576.459203099999970,X
BFA,1994-04-01,1994-04-30,233,'854,Burkina Faso,LCU,Local currency units per USD,XOF,CFA Franc BCEAO,1994,1994,7004,April,,581.354204900000010,X
BFA,1994-05-01,1994-05-31,233,'854,Burkina Faso,LCU,Local currency units per USD,XOF,CFA Franc BCEAO,1994,1994,7005,May,,568.095200200000020,X
BFA,1994-06-01,1994-06-30,233,'854,Burkina Faso,LCU,Local currency units per USD,XOF,CFA Franc BCEAO,1994,1994,7006,June,,556.798196200000010,X
BFA,1994-07-01,1994-07-31,233,'854,Burkina Faso,LCU,Local currency units per USD,XOF,CFA Franc BCEAO,1994,1994,7007,July,,538.705189799999970,X
BFA,1994-08-01,1994-08-31,233,'854,Burkina Faso,LCU,Local currency units per USD,XOF,CFA Franc BCEAO,1994,1994,7008,August,,536.739189099999980,X
BFA,1994-09-01,1994-09-30,233,'854,Burkina Faso,LCU,Local currency units per USD,XOF,CFA Franc BCEAO,1994,1994,7009,September,,530.634187000000000,X
BFA,1994-10-01,1994-10-31,233,'854,Burkina Faso,LCU,Local currency units per USD,XOF,CFA Franc BCEAO,1994,1994,7010,October,,520.592183500000030,X
BFA,1994-11-01,1994-11-30,233,'854,Burkina Faso,LCU,Local currency units per USD,XOF,CFA Franc BCEAO,1994,1994,7011,November,,529.485186600000020,X
BFA,1994-12-01,1994-12-31,233,'854,Burkina Faso,LCU,Local currency units per USD,XOF,CFA Franc BCEAO,1994,1994,7012,December,,541.448190800000020,X
BFA,1995-01-01,1995-12-31,233,'854,Burkina Faso,LCU,Local currency units per USD,XOF,CFA Franc BCEAO,1995,1995,7021,Annual value,,499.148425900000010,X
BFA,1995-01-01,1995-01-31,233,'854,Burkina Faso,LCU,Local currency units per USD,XOF,CFA Franc BCEAO,1995,1995,7001,January,,529.431186600000050,X
BFA,1995-02-01,1995-02-28,233,'854,Burkina Faso,LCU,Local currency units per USD,XOF,CFA Franc BCEAO,1995,1995,7002,February,,522.889184300000010,X
BFA,1995-03-01,1995-03-31,233,'854,Burkina Faso,LCU,Local currency units per USD,XOF,CFA Franc BCEAO,1995,1995,7003,March,,498.333175600000000,X
BFA,1995-04-01,1995-04-30,233,'854,Burkina Faso,LCU,Local currency units per USD,XOF,CFA Franc BCEAO,1995,1995,7004,April,,484.595170800000010,X
BFA,1995-05-01,1995-05-31,233,'854,Burkina Faso,LCU,Local currency units per USD,XOF,CFA Franc BCEAO,1995,1995,7005,May,,499.078175900000020,X
BFA,1995-06-01,1995-06-30,233,'854,Burkina Faso,LCU,Local currency units per USD,XOF,CFA Franc BCEAO,1995,1995,7006,June,,491.638173300000010,X
BFA,1995-07-01,1995-07-31,233,'854,Burkina Faso,LCU,Local currency units per USD,XOF,CFA Franc BCEAO,1995,1995,7007,July,,483.245170299999980,X
BFA,1995-08-01,1995-08-31,233,'854,Burkina Faso,LCU,Local currency units per USD,XOF,CFA Franc BCEAO,1995,1995,7008,August,,497.136175200000030,X
BFA,1995-09-01,1995-09-30,233,'854,Burkina Faso,LCU,Local currency units per USD,XOF,CFA Franc BCEAO,1995,1995,7009,September,,504.314177700000020,X
BFA,1995-10-01,1995-10-31,233,'854,Burkina Faso,LCU,Local currency units per USD,XOF,CFA Franc BCEAO,1995,1995,7010,October,,494.105174100000000,X
BFA,1995-11-01,1995-11-30,233,'854,Burkina Faso,LCU,Local currency units per USD,XOF,CFA Franc BCEAO,1995,1995,7011,November,,488.650172199999990,X
BFA,1995-12-01,1995-12-31,233,'854,Burkina Faso,LCU,Local currency units per USD,XOF,CFA Franc BCEAO,1995,1995,7012,December,,496.365174900000000,X
BFA,1996-01-01,1996-12-31,233,'854,Burkina Faso,LCU,Local currency units per USD,XOF,CFA Franc BCEAO,1996,1996,7021,Annual value,,511.552430300000030,X
BFA,1996-01-01,1996-01-31,233,'854,Burkina Faso,LCU,Local currency units per USD,XOF,CFA Franc BCEAO,1996,1996,7001,January,,500.561176400000020,X
BFA,1996-02-01,1996-02-29,233,'854,Burkina Faso,LCU,Local currency units per USD,XOF,CFA Franc BCEAO,1996,1996,7002,February,,504.064177599999990,X
BFA,1996-03-01,1996-03-31,233,'854,Burkina Faso,LCU,Local currency units per USD,XOF,CFA Franc BCEAO,1996,1996,7003,March,,505.914178300000000,X
BFA,1996-04-01,1996-04-30,233,'854,Burkina Faso,LCU,Local currency units per USD,XOF,CFA Franc BCEAO,1996,1996,7004,April,,510.604179900000020,X
BFA,1996-05-01,1996-05-31,233,'854,Burkina Faso,LCU,Local currency units per USD,XOF,CFA Franc BCEAO,1996,1996,7005,May,,519.138182899999950,X
BFA,1996-06-01,1996-06-30,233,'854,Burkina Faso,LCU,Local currency units per USD,XOF,CFA Franc BCEAO,1996,1996,7006,June,,517.678182399999970,X
BFA,1996-07-01,1996-07-31,233,'854,Burkina Faso,LCU,Local currency units per USD,XOF,CFA Franc BCEAO,1996,1996,7007,July,,509.343179500000020,X
BFA,1996-08-01,1996-08-31,233,'854,Burkina Faso,LCU,Local currency units per USD,XOF,CFA Franc BCEAO,1996,1996,7008,August,,506.003178300000000,X
BFA,1996-09-01,1996-09-30,233,'854,Burkina Faso,LCU,Local currency units per USD,XOF,CFA Franc BCEAO,1996,1996,7009,September,,512.829180700000050,X
BFA,1996-10-01,1996-10-31,233,'854,Burkina Faso,LCU,Local currency units per USD,XOF,CFA Franc BCEAO,1996,1996,7010,October,,516.668182099999970,X
BFA,1996-11-01,1996-11-30,233,'854,Burkina Faso,LCU,Local currency units per USD,XOF,CFA Franc BCEAO,1996,1996,7011,November,,511.597180299999990,X
BFA,1996-12-01,1996-12-31,233,'854,Burkina Faso,LCU,Local currency units per USD,XOF,CFA Franc BCEAO,1996,1996,7012,December,,524.228184700000040,X
BFA,1997-01-01,1997-12-31,233,'854,Burkina Faso,LCU,Local currency units per USD,XOF,CFA Franc BCEAO,1997,1997,7021,Annual value,,583.669372400000040,X
BFA,1997-01-01,1997-01-31,233,'854,Burkina Faso,LCU,Local currency units per USD,XOF,CFA Franc BCEAO,1997,1997,7001,January,,541.689190899999970,X
BFA,1997-02-01,1997-02-28,233,'854,Burkina Faso,LCU,Local currency units per USD,XOF,CFA Franc BCEAO,1997,1997,7002,February,,565.476199299999960,X
BFA,1997-03-01,1997-03-31,233,'854,Burkina Faso,LCU,Local currency units per USD,XOF,CFA Franc BCEAO,1997,1997,7003,March,,571.954201600000030,X
BFA,1997-04-01,1997-04-30,233,'854,Burkina Faso,LCU,Local currency units per USD,XOF,CFA Franc BCEAO,1997,1997,7004,April,,576.250203100000020,X
BFA,1997-05-01,1997-05-31,233,'854,Burkina Faso,LCU,Local currency units per USD,XOF,CFA Franc BCEAO,1997,1997,7005,May,,574.305202399999980,X
BFA,1997-06-01,1997-06-30,233,'854,Burkina Faso,LCU,Local currency units per USD,XOF,CFA Franc BCEAO,1997,1997,7006,June,,582.902205399999960,X
BFA,1997-07-01,1997-07-31,233,'854,Burkina Faso,LCU,Local currency units per USD,XOF,CFA Franc BCEAO,1997,1997,7007,July,,604.362213000000000,X
BFA,1997-08-01,1997-08-31,233,'854,Burkina Faso,LCU,Local currency units per USD,XOF,CFA Franc BCEAO,1997,1997,7008,August,,620.495218700000010,X
BFA,1997-09-01,1997-09-30,233,'854,Burkina Faso,LCU,Local currency units per USD,XOF,CFA Franc BCEAO,1997,1997,7009,September,,601.486212000000020,X
BFA,1997-10-01,1997-10-31,233,'854,Burkina Faso,LCU,Local currency units per USD,XOF,CFA Franc BCEAO,1997,1997,7010,October,,589.275207700000010,X
BFA,1997-11-01,1997-11-30,233,'854,Burkina Faso,LCU,Local currency units per USD,XOF,CFA Franc BCEAO,1997,1997,7011,November,,580.818204700000020,X
BFA,1997-12-01,1997-12-31,233,'854,Burkina Faso,LCU,Local currency units per USD,XOF,CFA Franc BCEAO,1997,1997,7012,December,,595.018209700000060,X
BFA,1998-01-01,1998-12-31,233,'854,Burkina Faso,LCU,Local currency units per USD,XOF,CFA Franc BCEAO,1998,1998,7021,Annual value,,589.951774600000020,X
BFA,1998-01-01,1998-01-31,233,'854,Burkina Faso,LCU,Local currency units per USD,XOF,CFA Franc BCEAO,1998,1998,7001,January,,608.360214400000020,X
BFA,1998-02-01,1998-02-28,233,'854,Burkina Faso,LCU,Local currency units per USD,XOF,CFA Franc BCEAO,1998,1998,7002,February,,608.428214400000000,X
BFA,1998-03-01,1998-03-31,233,'854,Burkina Faso,LCU,Local currency units per USD,XOF,CFA Franc BCEAO,1998,1998,7003,March,,612.215215700000040,X
BFA,1998-04-01,1998-04-30,233,'854,Burkina Faso,LCU,Local currency units per USD,XOF,CFA Franc BCEAO,1998,1998,7004,April,,608.337214399999990,X
BFA,1998-05-01,1998-05-31,233,'854,Burkina Faso,LCU,Local currency units per USD,XOF,CFA Franc BCEAO,1998,1998,7005,May,,595.186209699999950,X
BFA,1998-06-01,1998-06-30,233,'854,Burkina Faso,LCU,Local currency units per USD,XOF,CFA Franc BCEAO,1998,1998,7006,June,,601.108211800000050,X
BFA,1998-07-01,1998-07-31,233,'854,Burkina Faso,LCU,Local currency units per USD,XOF,CFA Franc BCEAO,1998,1998,7007,July,,602.273212199999990,X
BFA,1998-08-01,1998-08-31,233,'854,Burkina Faso,LCU,Local currency units per USD,XOF,CFA Franc BCEAO,1998,1998,7008,August,,599.499011300000010,X
BFA,1998-09-01,1998-09-30,233,'854,Burkina Faso,LCU,Local currency units per USD,XOF,CFA Franc BCEAO,1998,1998,7009,September,,570.677201100000050,X
BFA,1998-10-01,1998-10-31,233,'854,Burkina Faso,LCU,Local currency units per USD,XOF,CFA Franc BCEAO,1998,1998,7010,October,,549.502193600000060,X
BFA,1998-11-01,1998-11-30,233,'854,Burkina Faso,LCU,Local currency units per USD,XOF,CFA Franc BCEAO,1998,1998,7011,November,,563.822198699999940,X
BFA,1998-12-01,1998-12-31,233,'854,Burkina Faso,LCU,Local currency units per USD,XOF,CFA Franc BCEAO,1998,1998,7012,December,,560.012197300000030,X
BFA,1999-01-01,1999-12-31,233,'854,Burkina Faso,LCU,Local currency units per USD,XOF,CFA Franc BCEAO,1999,1999,7021,Annual value,,615.473349300000000,X
BFA,2000-01-01,2000-12-31,233,'854,Burkina Faso,LCU,Local currency units per USD,XOF,CFA Franc BCEAO,2000,2000,7021,Annual value,,710.207977000000030,X
BFA,2001-01-01,2001-12-31,233,'854,Burkina Faso,LCU,Local currency units per USD,XOF,CFA Franc BCEAO,2001,2001,7021,Annual value,,732.397693300000010,X
BFA,2002-01-01,2002-12-31,233,'854,Burkina Faso,LCU,Local currency units per USD,XOF,CFA Franc BCEAO,2002,2002,7021,Annual value,,693.713226500000020,X
BFA,2003-01-01,2003-12-31,233,'854,Burkina Faso,LCU,Local currency units per USD,XOF,CFA Franc BCEAO,2003,2003,7021,Annual value,,579.897426200000040,X
BFA,2004-01-01,2004-12-31,233,'854,Burkina Faso,LCU,Local currency units per USD,XOF,CFA Franc BCEAO,2004,2004,7021,Annual value,,527.338032300000010,X
BFA,2005-01-01,2005-12-31,233,'854,Burkina Faso,LCU,Local currency units per USD,XOF,CFA Franc BCEAO,2005,2005,7021,Annual value,,527.258362600000050,X
BFA,2006-01-01,2006-12-31,233,'854,Burkina Faso,LCU,Local currency units per USD,XOF,CFA Franc BCEAO,2006,2006,7021,Annual value,,522.425624900000000,X
BFA,2007-01-01,2007-12-31,233,'854,Burkina Faso,LCU,Local currency units per USD,XOF,CFA Franc BCEAO,2007,2007,7021,Annual value,,478.633718499999990,X
BFA,2008-01-01,2008-12-31,233,'854,Burkina Faso,LCU,Local currency units per USD,XOF,CFA Franc BCEAO,2008,2008,7021,Annual value,,446.000041399999990,X
BFA,2009-01-01,2009-12-31,233,'854,Burkina Faso,LCU,Local currency units per USD,XOF,CFA Franc BCEAO,2009,2009,7021,Annual value,,470.293423299999970,X
BFA,2010-01-01,2010-12-31,233,'854,Burkina Faso,LCU,Local currency units per USD,XOF,CFA Franc BCEAO,2010,2010,7021,Annual value,,494.794262199999990,X
BFA,2011-01-01,2011-12-31,233,'854,Burkina Faso,LCU,Local currency units per USD,XOF,CFA Franc BCEAO,2011,2011,7021,Annual value,,471.248625699999990,X
BFA,2012-01-01,2012-12-31,233,'854,Burkina Faso,LCU,Local currency units per USD,XOF,CFA Franc BCEAO,2012,2012,7021,Annual value,,510.556338499999980,X
BFA,2012-01-01,2012-01-31,233,'854,Burkina Faso,LCU,Local currency units per USD,XOF,CFA Franc BCEAO,2012,2012,7001,January,,508.302155299999980,X
BFA,2012-02-01,2012-02-29,233,'854,Burkina Faso,LCU,Local currency units per USD,XOF,CFA Franc BCEAO,2012,2012,7002,February,,496.031666599999990,X
BFA,2012-03-01,2012-03-31,233,'854,Burkina Faso,LCU,Local currency units per USD,XOF,CFA Franc BCEAO,2012,2012,7003,March,,496.899477300000000,X
BFA,2012-04-01,2012-04-30,233,'854,Burkina Faso,LCU,Local currency units per USD,XOF,CFA Franc BCEAO,2012,2012,7004,April,,498.381792500000020,X
BFA,2012-05-01,2012-05-31,233,'854,Burkina Faso,LCU,Local currency units per USD,XOF,CFA Franc BCEAO,2012,2012,7005,May,,512.910831799999980,X
BFA,2012-06-01,2012-06-30,233,'854,Burkina Faso,LCU,Local currency units per USD,XOF,CFA Franc BCEAO,2012,2012,7006,June,,523.664408600000000,X
BFA,2012-07-01,2012-07-31,233,'854,Burkina Faso,LCU,Local currency units per USD,XOF,CFA Franc BCEAO,2012,2012,7007,July,,533.799427400000010,X
BFA,2012-08-01,2012-08-31,233,'854,Burkina Faso,LCU,Local currency units per USD,XOF,CFA Franc BCEAO,2012,2012,7008,August,,528.999435500000000,X
BFA,2012-09-01,2012-09-30,233,'854,Burkina Faso,LCU,Local currency units per USD,XOF,CFA Franc BCEAO,2012,2012,7009,September,,510.246038699999990,X
BFA,2012-10-01,2012-10-31,233,'854,Burkina Faso,LCU,Local currency units per USD,XOF,CFA Franc BCEAO,2012,2012,7010,October,,505.586717400000000,X
BFA,2012-11-01,2012-11-30,233,'854,Burkina Faso,LCU,Local currency units per USD,XOF,CFA Franc BCEAO,2012,2012,7011,November,,511.358704499999990,X
BFA,2012-12-01,2012-12-31,233,'854,Burkina Faso,LCU,Local currency units per USD,XOF,CFA Franc BCEAO,2012,2012,7012,December,,499.991294499999980,X
BFA,2013-01-01,2013-12-31,233,'854,Burkina Faso,LCU,Local currency units per USD,XOF,CFA Franc BCEAO,2013,2013,7021,Annual value,,493.899623899999990,X
BFA,2014-01-01,2014-12-31,233,'854,Burkina Faso,LCU,Local currency units per USD,XOF,CFA Franc BCEAO,2014,2014,7021,Annual value,,493.757329900000000,X
BFA,2015-01-01,2015-12-31,233,'854,Burkina Faso,LCU,Local currency units per USD,XOF,CFA Franc BCEAO,2015,2015,7021,Annual value,,591.211697999999960,X
BFA,2016-01-01,2016-12-31,233,'854,Burkina Faso,LCU,Local currency units per USD,XOF,CFA Franc BCEAO,2016,2016,7021,Annual value,,592.605615100000020,X
BFA,2016-01-01,2016-01-31,233,'854,Burkina Faso,LCU,Local currency units per USD,XOF,CFA Franc BCEAO,2016,2016,7001,January,,604.031437500000040,X
BFA,2016-02-01,2016-02-29,233,'854,Burkina Faso,LCU,Local currency units per USD,XOF,CFA Franc BCEAO,2016,2016,7002,February,,591.327698400000030,X
BFA,2016-03-01,2016-03-31,233,'854,Burkina Faso,LCU,Local currency units per USD,XOF,CFA Franc BCEAO,2016,2016,7003,March,,590.969999100000000,X
BFA,2016-04-01,2016-04-30,233,'854,Burkina Faso,LCU,Local currency units per USD,XOF,CFA Franc BCEAO,2016,2016,7004,April,,578.486622499999950,X
BFA,2016-05-01,2016-05-31,233,'854,Burkina Faso,LCU,Local currency units per USD,XOF,CFA Franc BCEAO,2016,2016,7005,May,,579.923727300000000,X
BFA,2016-06-01,2016-06-30,233,'854,Burkina Faso,LCU,Local currency units per USD,XOF,CFA Franc BCEAO,2016,2016,7006,June,,584.168056500000030,X
BFA,2016-07-01,2016-07-31,233,'854,Burkina Faso,LCU,Local currency units per USD,XOF,CFA Franc BCEAO,2016,2016,7007,July,,592.632776799999990,X
BFA,2016-08-01,2016-08-31,233,'854,Burkina Faso,LCU,Local currency units per USD,XOF,CFA Franc BCEAO,2016,2016,7008,August,,585.062667199999960,X
BFA,2016-09-01,2016-09-30,233,'854,Burkina Faso,LCU,Local currency units per USD,XOF,CFA Franc BCEAO,2016,2016,7009,September,,585.044310900000030,X
BFA,2016-10-01,2016-10-31,233,'854,Burkina Faso,LCU,Local currency units per USD,XOF,CFA Franc BCEAO,2016,2016,7010,October,,594.915805399999950,X
BFA,2016-11-01,2016-11-30,233,'854,Burkina Faso,LCU,Local currency units per USD,XOF,CFA Franc BCEAO,2016,2016,7011,November,,607.426392299999970,X
BFA,2016-12-01,2016-12-31,233,'854,Burkina Faso,LCU,Local currency units per USD,XOF,CFA Franc BCEAO,2016,2016,7012,December,,622.178626099999970,X
BFA,2017-01-01,2017-12-31,233,'854,Burkina Faso,LCU,Local currency units per USD,XOF,CFA Franc BCEAO,2017,2017,7021,Annual value,,580.656749600000010,X
BFA,2017-01-01,2017-01-31,233,'854,Burkina Faso,LCU,Local currency units per USD,XOF,CFA Franc BCEAO,2017,2017,7001,January,,617.987298600000030,X
BFA,2017-02-01,2017-02-28,233,'854,Burkina Faso,LCU,Local currency units per USD,XOF,CFA Franc BCEAO,2017,2017,7002,February,,616.347432300000040,X
BFA,2017-03-01,2017-03-31,233,'854,Burkina Faso,LCU,Local currency units per USD,XOF,CFA Franc BCEAO,2017,2017,7003,March,,613.922025800000030,X
BFA,2017-04-01,2017-04-30,233,'854,Burkina Faso,LCU,Local currency units per USD,XOF,CFA Franc BCEAO,2017,2017,7004,April,,611.748010400000000,X
BFA,2017-05-01,2017-05-31,233,'854,Burkina Faso,LCU,Local currency units per USD,XOF,CFA Franc BCEAO,2017,2017,7005,May,,593.223603899999940,X
BFA,2017-06-01,2017-06-30,233,'854,Burkina Faso,LCU,Local currency units per USD,XOF,CFA Franc BCEAO,2017,2017,7006,June,,584.139681399999970,X
BFA,2017-07-01,2017-07-31,233,'854,Burkina Faso,LCU,Local currency units per USD,XOF,CFA Franc BCEAO,2017,2017,7007,July,,569.845243099999950,X
BFA,2017-08-01,2017-08-31,233,'854,Burkina Faso,LCU,Local currency units per USD,XOF,CFA Franc BCEAO,2017,2017,7008,August,,555.578464800000010,X
BFA,2017-09-01,2017-09-30,233,'854,Burkina Faso,LCU,Local currency units per USD,XOF,CFA Franc BCEAO,2017,2017,7009,September,,550.550226599999970,X
BFA,2017-10-01,2017-10-31,233,'854,Burkina Faso,LCU,Local currency units per USD,XOF,CFA Franc BCEAO,2017,2017,7010,October,,557.982824800000000,X
BFA,2017-11-01,2017-11-30,233,'854,Burkina Faso,LCU,Local currency units per USD,XOF,CFA Franc BCEAO,2017,2017,7011,November,,558.831998600000020,X
BFA,2017-12-01,2017-12-31,233,'854,Burkina Faso,LCU,Local currency units per USD,XOF,CFA Franc BCEAO,2017,2017,7012,December,,554.195110500000060,X
BFA,2018-01-01,2018-12-31,233,'854,Burkina Faso,LCU,Local currency units per USD,XOF,CFA Franc BCEAO,2018,2018,7021,Annual value,,555.446458399999980,X
BFA,2018-01-01,2018-01-31,233,'854,Burkina Faso,LCU,Local currency units per USD,XOF,CFA Franc BCEAO,2018,2018,7001,January,,537.691708700000050,X
BFA,2018-02-01,2018-02-28,233,'854,Burkina Faso,LCU,Local currency units per USD,XOF,CFA Franc BCEAO,2018,2018,7002,February,,531.233904000000050,X
BFA,2018-03-01,2018-03-31,233,'854,Burkina Faso,LCU,Local currency units per USD,XOF,CFA Franc BCEAO,2018,2018,7003,March,,531.733845399999950,X
BFA,2018-04-01,2018-04-30,233,'854,Burkina Faso,LCU,Local currency units per USD,XOF,CFA Franc BCEAO,2018,2018,7004,April,,534.327932700000020,X
BFA,2018-05-01,2018-05-31,233,'854,Burkina Faso,LCU,Local currency units per USD,XOF,CFA Franc BCEAO,2018,2018,7005,May,,555.320334499999940,X
BFA,2018-06-01,2018-06-30,233,'854,Burkina Faso,LCU,Local currency units per USD,XOF,CFA Franc BCEAO,2018,2018,7006,June,,561.689460299999950,X
BFA,2018-07-01,2018-07-31,233,'854,Burkina Faso,LCU,Local currency units per USD,XOF,CFA Franc BCEAO,2018,2018,7007,July,,561.331772200000050,X
BFA,2018-08-01,2018-08-31,233,'854,Burkina Faso,LCU,Local currency units per USD,XOF,CFA Franc BCEAO,2018,2018,7008,August,,567.979452300000050,X
BFA,2018-09-01,2018-09-30,233,'854,Burkina Faso,LCU,Local currency units per USD,XOF,CFA Franc BCEAO,2018,2018,7009,September,,562.633055099999980,X
BFA,2018-10-01,2018-10-31,233,'854,Burkina Faso,LCU,Local currency units per USD,XOF,CFA Franc BCEAO,2018,2018,7010,October,,571.189930799999960,X
BFA,2018-11-01,2018-11-30,233,'854,Burkina Faso,LCU,Local currency units per USD,XOF,CFA Franc BCEAO,2018,2018,7011,November,,577.078269800000040,X
BFA,2018-12-01,2018-12-31,233,'854,Burkina Faso,LCU,Local currency units per USD,XOF,CFA Franc BCEAO,2018,2018,7012,December,,576.198936699999990,X
BFA,2019-01-01,2019-12-31,233,'854,Burkina Faso,LCU,Local currency units per USD,XOF,CFA Franc BCEAO,2019,2019,7021,Annual value,,585.911013199999960,X
BFA,2019-01-01,2019-01-31,233,'854,Burkina Faso,LCU,Local currency units per USD,XOF,CFA Franc BCEAO,2019,2019,7001,January,,574.573839099999990,X
BFA,2019-02-01,2019-02-28,233,'854,Burkina Faso,LCU,Local currency units per USD,XOF,CFA Franc BCEAO,2019,2019,7002,February,,577.877131400000050,X
BFA,2019-03-01,2019-03-31,233,'854,Burkina Faso,LCU,Local currency units per USD,XOF,CFA Franc BCEAO,2019,2019,7003,March,,580.365743700000050,X
BFA,2019-04-01,2019-04-30,233,'854,Burkina Faso,LCU,Local currency units per USD,XOF,CFA Franc BCEAO,2019,2019,7004,April,,583.682512800000040,X
BFA,2019-05-01,2019-05-31,233,'854,Burkina Faso,LCU,Local currency units per USD,XOF,CFA Franc BCEAO,2019,2019,7005,May,,586.482782700000030,X
BFA,2019-06-01,2019-06-30,233,'854,Burkina Faso,LCU,Local currency units per USD,XOF,CFA Franc BCEAO,2019,2019,7006,June,,580.832167499999970,X
BFA,2019-07-01,2019-07-31,233,'854,Burkina Faso,LCU,Local currency units per USD,XOF,CFA Franc BCEAO,2019,2019,7007,July,,584.715742399999950,X
BFA,2019-08-01,2019-08-31,233,'854,Burkina Faso,LCU,Local currency units per USD,XOF,CFA Franc BCEAO,2019,2019,7008,August,,589.559231500000010,X
BFA,2019-09-01,2019-09-30,233,'854,Burkina Faso,LCU,Local currency units per USD,XOF,CFA Franc BCEAO,2019,2019,7009,September,,596.112938300000000,X
BFA,2019-10-01,2019-10-31,233,'854,Burkina Faso,LCU,Local currency units per USD,XOF,CFA Franc BCEAO,2019,2019,7010,October,,593.488468200000060,X
BFA,2019-11-01,2019-11-30,233,'854,Burkina Faso,LCU,Local currency units per USD,XOF,CFA Franc BCEAO,2019,2019,7011,November,,593.575085100000020,X
BFA,2019-12-01,2019-12-31,233,'854,Burkina Faso,LCU,Local currency units per USD,XOF,CFA Franc BCEAO,2019,2019,7012,December,,590.237055100000020,X
BFA,2020-01-01,2020-12-31,233,'854,Burkina Faso,LCU,Local currency units per USD,XOF,CFA Franc BCEAO,2020,2020,7021,Annual value,,575.586004499999940,X
BFA,2020-01-01,2020-01-31,233,'854,Burkina Faso,LCU,Local currency units per USD,XOF,CFA Franc BCEAO,2020,2020,7001,January,,590.932893300000050,X
BFA,2020-02-01,2020-02-29,233,'854,Burkina Faso,LCU,Local currency units per USD,XOF,CFA Franc BCEAO,2020,2020,7002,February,,601.519486499999970,X
BFA,2020-03-01,2020-03-31,233,'854,Burkina Faso,LCU,Local currency units per USD,XOF,CFA Franc BCEAO,2020,2020,7003,March,,592.906756500000030,X
BFA,2020-04-01,2020-04-30,233,'854,Burkina Faso,LCU,Local currency units per USD,XOF,CFA Franc BCEAO,2020,2020,7004,April,,603.906314700000050,X
BFA,2020-05-01,2020-05-31,233,'854,Burkina Faso,LCU,Local currency units per USD,XOF,CFA Franc BCEAO,2020,2020,7005,May,,601.693290599999950,X
BFA,2020-06-01,2020-06-30,233,'854,Burkina Faso,LCU,Local currency units per USD,XOF,CFA Franc BCEAO,2020,2020,7006,June,,582.835045100000000,X
BFA,2020-07-01,2020-07-31,233,'854,Burkina Faso,LCU,Local currency units per USD,XOF,CFA Franc BCEAO,2020,2020,7007,July,,572.218973099999970,X
BFA,2020-08-01,2020-08-31,233,'854,Burkina Faso,LCU,Local currency units per USD,XOF,CFA Franc BCEAO,2020,2020,7008,August,,554.575345200000020,X
BFA,2020-09-01,2020-09-30,233,'854,Burkina Faso,LCU,Local currency units per USD,XOF,CFA Franc BCEAO,2020,2020,7009,September,,556.253599200000050,X
BFA,2020-10-01,2020-10-31,233,'854,Burkina Faso,LCU,Local currency units per USD,XOF,CFA Franc BCEAO,2020,2020,7010,October,,557.067406799999960,X
BFA,2020-11-01,2020-11-30,233,'854,Burkina Faso,LCU,Local currency units per USD,XOF,CFA Franc BCEAO,2020,2020,7011,November,,554.115794299999950,X
BFA,2020-12-01,2020-12-31,233,'854,Burkina Faso,LCU,Local currency units per USD,XOF,CFA Franc BCEAO,2020,2020,7012,December,,539.007148899999950,X
BFA,2021-01-01,2021-12-31,233,'854,Burkina Faso,LCU,Local currency units per USD,XOF,CFA Franc BCEAO,2021,2021,7021,Annual value,,554.530674999999970,X
BFA,2021-01-01,2021-01-31,233,'854,Burkina Faso,LCU,Local currency units per USD,XOF,CFA Franc BCEAO,2021,2021,7001,January,,538.957427000000050,X
BFA,2021-02-01,2021-02-28,233,'854,Burkina Faso,LCU,Local currency units per USD,XOF,CFA Franc BCEAO,2021,2021,7002,February,,542.207325200000010,X
BFA,2021-03-01,2021-03-31,233,'854,Burkina Faso,LCU,Local currency units per USD,XOF,CFA Franc BCEAO,2021,2021,7003,March,,551.266666399999960,X
BFA,2021-04-01,2021-04-30,233,'854,Burkina Faso,LCU,Local currency units per USD,XOF,CFA Franc BCEAO,2021,2021,7004,April,,547.584543100000020,X
BFA,2021-05-01,2021-05-31,233,'854,Burkina Faso,LCU,Local currency units per USD,XOF,CFA Franc BCEAO,2021,2021,7005,May,,540.064336799999980,X
BFA,2021-06-01,2021-06-30,233,'854,Burkina Faso,LCU,Local currency units per USD,XOF,CFA Franc BCEAO,2021,2021,7006,June,,544.494106500000040,X
BFA,2021-07-01,2021-07-31,233,'854,Burkina Faso,LCU,Local currency units per USD,XOF,CFA Franc BCEAO,2021,2021,7007,July,,554.869809300000040,X
BFA,2021-08-01,2021-08-31,233,'854,Burkina Faso,LCU,Local currency units per USD,XOF,CFA Franc BCEAO,2021,2021,7008,August,,557.226581200000060,X
BFA,2021-09-01,2021-09-30,233,'854,Burkina Faso,LCU,Local currency units per USD,XOF,CFA Franc BCEAO,2021,2021,7009,September,,557.297593699999990,X
BFA,2021-10-01,2021-10-31,233,'854,Burkina Faso,LCU,Local currency units per USD,XOF,CFA Franc BCEAO,2021,2021,7010,October,,565.408219799999980,X
BFA,2021-11-01,2021-11-30,233,'854,Burkina Faso,LCU,Local currency units per USD,XOF,CFA Franc BCEAO,2021,2021,7011,November,,574.692822600000000,X
BFA,2021-12-01,2021-12-31,233,'854,Burkina Faso,LCU,Local currency units per USD,XOF,CFA Franc BCEAO,2021,2021,7012,December,,580.298668799999970,X
BFA,2022-01-01,2022-12-31,233,'854,Burkina Faso,LCU,Local currency units per USD,XOF,CFA Franc BCEAO,2022,2022,7021,Annual value,,623.759700899999980,X
BFA,2022-01-01,2022-01-31,233,'854,Burkina Faso,LCU,Local currency units per USD,XOF,CFA Franc BCEAO,2022,2022,7001,January,,579.750214600000050,X
BFA,2022-02-01,2022-02-28,233,'854,Burkina Faso,LCU,Local currency units per USD,XOF,CFA Franc BCEAO,2022,2022,7002,February,,578.348424900000050,X
BFA,2022-03-01,2022-03-31,233,'854,Burkina Faso,LCU,Local currency units per USD,XOF,CFA Franc BCEAO,2022,2022,7003,March,,595.298655299999950,X
BFA,2022-04-01,2022-04-30,233,'854,Burkina Faso,LCU,Local currency units per USD,XOF,CFA Franc BCEAO,2022,2022,7004,April,,606.315699900000030,X
BFA,2022-05-01,2022-05-31,233,'854,Burkina Faso,LCU,Local currency units per USD,XOF,CFA Franc BCEAO,2022,2022,7005,May,,620.085078200000000,X
BFA,2022-06-01,2022-06-30,233,'854,Burkina Faso,LCU,Local currency units per USD,XOF,CFA Franc BCEAO,2022,2022,7006,June,,620.829346800000050,X
BFA,2022-07-01,2022-07-31,233,'854,Burkina Faso,LCU,Local currency units per USD,XOF,CFA Franc BCEAO,2022,2022,7007,July,,644.427878400000050,X
BFA,2022-08-01,2022-08-31,233,'854,Burkina Faso,LCU,Local currency units per USD,XOF,CFA Franc BCEAO,2022,2022,7008,August,,647.639061800000040,X
BFA,2022-09-01,2022-09-30,233,'854,Burkina Faso,LCU,Local currency units per USD,XOF,CFA Franc BCEAO,2022,2022,7009,September,,662.330424999999990,X
BFA,2022-10-01,2022-10-31,233,'854,Burkina Faso,LCU,Local currency units per USD,XOF,CFA Franc BCEAO,2022,2022,7010,October,,667.595413399999980,X
BFA,2022-11-01,2022-11-30,233,'854,Burkina Faso,LCU,Local currency units per USD,XOF,CFA Franc BCEAO,2022,2022,7011,November,,643.014864500000040,X
BFA,2022-12-01,2022-12-31,233,'854,Burkina Faso,LCU,Local currency units per USD,XOF,CFA Franc BCEAO,2022,2022,7012,December,,619.481348199999960,X
BFA,2023-01-01,2023-12-31,233,'854,Burkina Faso,LCU,Local currency units per USD,XOF,CFA Franc BCEAO,2023,2023,7021,Annual value,,606.569763200000010,X
BFA,2023-01-01,2023-01-31,233,'854,Burkina Faso,LCU,Local currency units per USD,XOF,CFA Franc BCEAO,2023,2023,7001,January,,609.115981100000000,X
BFA,2023-02-01,2023-02-28,233,'854,Burkina Faso,LCU,Local currency units per USD,XOF,CFA Franc BCEAO,2023,2023,7002,February,,612.180007700000030,X
BFA,2023-03-01,2023-03-31,233,'854,Burkina Faso,LCU,Local currency units per USD,XOF,CFA Franc BCEAO,2023,2023,7003,March,,612.710308100000020,X
BFA,2023-04-01,2023-04-30,233,'854,Burkina Faso,LCU,Local currency units per USD,XOF,CFA Franc BCEAO,2023,2023,7004,April,,598.079516199999940,X
BFA,2023-05-01,2023-05-31,233,'854,Burkina Faso,LCU,Local currency units per USD,XOF,CFA Franc BCEAO,2023,2023,7005,May,,603.595123100000020,X
BFA,2023-06-01,2023-06-30,233,'854,Burkina Faso,LCU,Local currency units per USD,XOF,CFA Franc BCEAO,2023,2023,7006,June,,605.133996199999960,X
BFA,2023-07-01,2023-07-31,233,'854,Burkina Faso,LCU,Local currency units per USD,XOF,CFA Franc BCEAO,2023,2023,7007,July,,593.189117300000020,X
BFA,2023-08-01,2023-08-31,233,'854,Burkina Faso,LCU,Local currency units per USD,XOF,CFA Franc BCEAO,2023,2023,7008,August,,601.306117100000050,X
BFA,2023-09-01,2023-09-30,233,'854,Burkina Faso,LCU,Local currency units per USD,XOF,CFA Franc BCEAO,2023,2023,7009,September,,613.972945299999990,X
BFA,2023-10-01,2023-10-31,233,'854,Burkina Faso,LCU,Local currency units per USD,XOF,CFA Franc BCEAO,2023,2023,7010,October,,621.021706200000040,X
BFA,2023-11-01,2023-11-30,233,'854,Burkina Faso,LCU,Local currency units per USD,XOF,CFA Franc BCEAO,2023,2023,7011,November,,606.905261600000020,X
BFA,2023-12-01,2023-12-31,233,'854,Burkina Faso,LCU,Local currency units per USD,XOF,CFA Franc BCEAO,2023,2023,7012,December,,601.626922400000010,X
BFA,2024-01-01,2024-12-31,233,'854,Burkina Faso,LCU,Local currency units per USD,XOF,CFA Franc BCEAO,2024,2024,7021,Annual value,,606.345297599999980,X
BFA,2024-01-01,2024-01-31,233,'854,Burkina Faso,LCU,Local currency units per USD,XOF,CFA Franc BCEAO,2024,2024,7001,January,,601.511964799999990,X
BFA,2024-02-01,2024-02-29,233,'854,Burkina Faso,LCU,Local currency units per USD,XOF,CFA Franc BCEAO,2024,2024,7002,February,,607.664994800000040,X
BFA,2024-03-01,2024-03-31,233,'854,Burkina Faso,LCU,Local currency units per USD,XOF,CFA Franc BCEAO,2024,2024,7003,March,,603.334191799999990,X
BFA,2024-04-01,2024-04-30,233,'854,Burkina Faso,LCU,Local currency units per USD,XOF,CFA Franc BCEAO,2024,2024,7004,April,,611.457455699999970,X
BFA,2024-05-01,2024-05-31,233,'854,Burkina Faso,LCU,Local currency units per USD,XOF,CFA Franc BCEAO,2024,2024,7005,May,,606.680736000000020,X
BFA,2024-06-01,2024-06-30,233,'854,Burkina Faso,LCU,Local currency units per USD,XOF,CFA Franc BCEAO,2024,2024,7006,June,,609.682126599999950,X
BFA,2024-07-01,2024-07-31,233,'854,Burkina Faso,LCU,Local currency units per USD,XOF,CFA Franc BCEAO,2024,2024,7007,July,,604.898321700000000,X
BFA,2024-08-01,2024-08-31,233,'854,Burkina Faso,LCU,Local currency units per USD,XOF,CFA Franc BCEAO,2024,2024,7008,August,,595.664883499999970,X
BFA,2024-09-01,2024-09-30,233,'854,Burkina Faso,LCU,Local currency units per USD,XOF,CFA Franc BCEAO,2024,2024,7009,September,,590.632991199999990,X
BFA,2024-10-01,2024-10-31,233,'854,Burkina Faso,LCU,Local currency units per USD,XOF,CFA Franc BCEAO,2024,2024,7010,October,,601.555462499999980,X
BFA,2024-11-01,2024-11-30,233,'854,Burkina Faso,LCU,Local currency units per USD,XOF,CFA Franc BCEAO,2024,2024,7011,November,,617.072610199999990,X
BFA,2024-12-01,2024-12-31,233,'854,Burkina Faso,LCU,Local currency units per USD,XOF,CFA Franc BCEAO,2024,2024,7012,December,,625.987832499999970,X
BFA,2025-01-01,2025-12-31,233,'854,Burkina Faso,LCU,Local currency units per USD,XOF,CFA Franc BCEAO,2025,2025,7021,Annual value,,581.928481000000030,X
BFA,2025-01-01,2025-01-31,233,'854,Burkina Faso,LCU,Local currency units per USD,XOF,CFA Franc BCEAO,2025,2025,7001,January,,633.546724499999980,X
BFA,2025-02-01,2025-02-28,233,'854,Burkina Faso,LCU,Local currency units per USD,XOF,CFA Franc BCEAO,2025,2025,7002,February,,629.970708299999960,X
BFA,2025-03-01,2025-03-31,233,'854,Burkina Faso,LCU,Local currency units per USD,XOF,CFA Franc BCEAO,2025,2025,7003,March,,606.984881699999960,X
BFA,2025-04-01,2025-04-30,233,'854,Burkina Faso,LCU,Local currency units per USD,XOF,CFA Franc BCEAO,2025,2025,7004,April,,584.947320099999960,X
BFA,2025-05-01,2025-05-31,233,'854,Burkina Faso,LCU,Local currency units per USD,XOF,CFA Franc BCEAO,2025,2025,7005,May,,581.622832399999990,X
BFA,2025-06-01,2025-06-30,233,'854,Burkina Faso,LCU,Local currency units per USD,XOF,CFA Franc BCEAO,2025,2025,7006,June,,569.595476299999970,X
BFA,2025-07-01,2025-07-31,233,'854,Burkina Faso,LCU,Local currency units per USD,XOF,CFA Franc BCEAO,2025,2025,7007,July,,561.757580899999990,X
BFA,2025-08-01,2025-08-31,233,'854,Burkina Faso,LCU,Local currency units per USD,XOF,CFA Franc BCEAO,2025,2025,7008,August,,563.952223000000000,X
BFA,2025-09-01,2025-09-30,233,'854,Burkina Faso,LCU,Local currency units per USD,XOF,CFA Franc BCEAO,2025,2025,7009,September,,559.106966400000030,X
BFA,2025-10-01,2025-10-31,233,'854,Burkina Faso,LCU,Local currency units per USD,XOF,CFA Franc BCEAO,2025,2025,7010,October,,564.000411200000030,X
BFA,2025-11-01,2025-11-30,233,'854,Burkina Faso,LCU,Local currency units per USD,XOF,CFA Franc BCEAO,2025,2025,7011,November,,567.427034100000010,X
BFA,2025-12-01,2025-12-31,233,'854,Burkina Faso,LCU,Local currency units per USD,XOF,CFA Franc BCEAO,2025,2025,7012,December,,560.229743399999960,X
BFA,2026-01-01,2026-01-31,233,'854,Burkina Faso,LCU,Local currency units per USD,XOF,CFA Franc BCEAO,2026,2026,7001,January,,558.820663399999940,X
BFA,2026-02-01,2026-02-28,233,'854,Burkina Faso,LCU,Local currency units per USD,XOF,CFA Franc BCEAO,2026,2026,7002,February,,554.769768099999960,X
BFA,2026-03-01,2026-03-31,233,'854,Burkina Faso,LCU,Local currency units per USD,XOF,CFA Franc BCEAO,2026,2026,7003,March,,565.609333300000000,X
BFA,1970-01-01,1970-12-31,233,'854,Burkina Faso,SLC,Standard local currency units per USD,XOF,CFA Franc BCEAO,1970,1970,7021,Annual value,,276.403137000000020,X
BFA,1971-01-01,1971-12-31,233,'854,Burkina Faso,SLC,Standard local currency units per USD,XOF,CFA Franc BCEAO,1971,1971,7021,Annual value,,275.356456700000020,X
BFA,1972-01-01,1972-12-31,233,'854,Burkina Faso,SLC,Standard local currency units per USD,XOF,CFA Franc BCEAO,1972,1972,7021,Annual value,,252.027627499999990,X
BFA,1973-01-01,1973-12-31,233,'854,Burkina Faso,SLC,Standard local currency units per USD,XOF,CFA Franc BCEAO,1973,1973,7021,Annual value,,222.889183100000000,X
BFA,1974-01-01,1974-12-31,233,'854,Burkina Faso,SLC,Standard local currency units per USD,XOF,CFA Franc BCEAO,1974,1974,7021,Annual value,,240.704667599999990,X
BFA,1975-01-01,1975-12-31,233,'854,Burkina Faso,SLC,Standard local currency units per USD,XOF,CFA Franc BCEAO,1975,1975,7021,Annual value,,214.312900300000000,X
BFA,1976-01-01,1976-12-31,233,'854,Burkina Faso,SLC,Standard local currency units per USD,XOF,CFA Franc BCEAO,1976,1976,7021,Annual value,,238.950494300000000,X
BFA,1977-01-01,1977-12-31,233,'854,Burkina Faso,SLC,Standard local currency units per USD,XOF,CFA Franc BCEAO,1977,1977,7021,Annual value,,245.679686600000000,X
BFA,1978-01-01,1978-12-31,233,'854,Burkina Faso,SLC,Standard local currency units per USD,XOF,CFA Franc BCEAO,1978,1978,7021,Annual value,,225.655860200000010,X
BFA,1979-01-01,1979-12-31,233,'854,Burkina Faso,SLC,Standard local currency units per USD,XOF,CFA Franc BCEAO,1979,1979,7021,Annual value,,212.721644300000010,X
BFA,1980-01-01,1980-12-31,233,'854,Burkina Faso,SLC,Standard local currency units per USD,XOF,CFA Franc BCEAO,1980,1980,7021,Annual value,,211.279555399999990,X
BFA,1981-01-01,1981-12-31,233,'854,Burkina Faso,SLC,Standard local currency units per USD,XOF,CFA Franc BCEAO,1981,1981,7021,Annual value,,271.731452600000010,X
BFA,1982-01-01,1982-12-31,233,'854,Burkina Faso,SLC,Standard local currency units per USD,XOF,CFA Franc BCEAO,1982,1982,7021,Annual value,,328.606252700000030,X
BFA,1983-01-01,1983-12-31,233,'854,Burkina Faso,SLC,Standard local currency units per USD,XOF,CFA Franc BCEAO,1983,1983,7021,Annual value,,381.066036000000000,X
BFA,1984-01-01,1984-12-31,233,'854,Burkina Faso,SLC,Standard local currency units per USD,XOF,CFA Franc BCEAO,1984,1984,7021,Annual value,,436.956665800000000,X
BFA,1985-01-01,1985-12-31,233,'854,Burkina Faso,SLC,Standard local currency units per USD,XOF,CFA Franc BCEAO,1985,1985,7021,Annual value,,449.262962700000000,X
BFA,1986-01-01,1986-12-31,233,'854,Burkina Faso,SLC,Standard local currency units per USD,XOF,CFA Franc BCEAO,1986,1986,7021,Annual value,,346.305903600000020,X
BFA,1987-01-01,1987-12-31,233,'854,Burkina Faso,SLC,Standard local currency units per USD,XOF,CFA Franc BCEAO,1987,1987,7021,Annual value,,300.536562399999980,X
BFA,1988-01-01,1988-12-31,233,'854,Burkina Faso,SLC,Standard local currency units per USD,XOF,CFA Franc BCEAO,1988,1988,7021,Annual value,,297.848218799999980,X
BFA,1989-01-01,1989-12-31,233,'854,Burkina Faso,SLC,Standard local currency units per USD,XOF,CFA Franc BCEAO,1989,1989,7021,Annual value,,319.008299500000020,X
BFA,1990-01-01,1990-12-31,233,'854,Burkina Faso,SLC,Standard local currency units per USD,XOF,CFA Franc BCEAO,1990,1990,7021,Annual value,,272.264788000000010,X
BFA,1991-01-01,1991-12-31,233,'854,Burkina Faso,SLC,Standard local currency units per USD,XOF,CFA Franc BCEAO,1991,1991,7021,Annual value,,282.106908799999990,X
BFA,1992-01-01,1992-12-31,233,'854,Burkina Faso,SLC,Standard local currency units per USD,XOF,CFA Franc BCEAO,1992,1992,7021,Annual value,,264.691800800000010,X
BFA,1993-01-01,1993-12-31,233,'854,Burkina Faso,SLC,Standard local currency units per USD,XOF,CFA Franc BCEAO,1993,1993,7021,Annual value,,283.162579499999990,X
BFA,1994-01-01,1994-12-31,233,'854,Burkina Faso,SLC,Standard local currency units per USD,XOF,CFA Franc BCEAO,1994,1994,7021,Annual value,,555.204695700000000,X
BFA,1995-01-01,1995-12-31,233,'854,Burkina Faso,SLC,Standard local currency units per USD,XOF,CFA Franc BCEAO,1995,1995,7021,Annual value,,499.148425900000010,X
BFA,1996-01-01,1996-12-31,233,'854,Burkina Faso,SLC,Standard local currency units per USD,XOF,CFA Franc BCEAO,1996,1996,7021,Annual value,,511.552430300000030,X
BFA,1997-01-01,1997-12-31,233,'854,Burkina Faso,SLC,Standard local currency units per USD,XOF,CFA Franc BCEAO,1997,1997,7021,Annual value,,583.669372400000040,X
BFA,1998-01-01,1998-12-31,233,'854,Burkina Faso,SLC,Standard local currency units per USD,XOF,CFA Franc BCEAO,1998,1998,7021,Annual value,,589.951774600000020,X
BFA,1999-01-01,1999-12-31,233,'854,Burkina Faso,SLC,Standard local currency units per USD,XOF,CFA Franc BCEAO,1999,1999,7021,Annual value,,615.473349300000000,X
BFA,2000-01-01,2000-12-31,233,'854,Burkina Faso,SLC,Standard local currency units per USD,XOF,CFA Franc BCEAO,2000,2000,7021,Annual value,,710.207977000000030,X
BFA,2001-01-01,2001-12-31,233,'854,Burkina Faso,SLC,Standard local currency units per USD,XOF,CFA Franc BCEAO,2001,2001,7021,Annual value,,732.397693300000010,X
BFA,2002-01-01,2002-12-31,233,'854,Burkina Faso,SLC,Standard local currency units per USD,XOF,CFA Franc BCEAO,2002,2002,7021,Annual value,,693.713226500000020,X
BFA,2003-01-01,2003-12-31,233,'854,Burkina Faso,SLC,Standard local currency units per USD,XOF,CFA Franc BCEAO,2003,2003,7021,Annual value,,579.897426200000040,X
BFA,2004-01-01,2004-12-31,233,'854,Burkina Faso,SLC,Standard local currency units per USD,XOF,CFA Franc BCEAO,2004,2004,7021,Annual value,,527.338032300000010,X
BFA,2005-01-01,2005-12-31,233,'854,Burkina Faso,SLC,Standard local currency units per USD,XOF,CFA Franc BCEAO,2005,2005,7021,Annual value,,527.258362600000050,X
BFA,2006-01-01,2006-12-31,233,'854,Burkina Faso,SLC,Standard local currency units per USD,XOF,CFA Franc BCEAO,2006,2006,7021,Annual value,,522.425624900000000,X
BFA,2007-01-01,2007-12-31,233,'854,Burkina Faso,SLC,Standard local currency units per USD,XOF,CFA Franc BCEAO,2007,2007,7021,Annual value,,478.633718499999990,X
BFA,2008-01-01,2008-12-31,233,'854,Burkina Faso,SLC,Standard local currency units per USD,XOF,CFA Franc BCEAO,2008,2008,7021,Annual value,,446.000041399999990,X
BFA,2009-01-01,2009-12-31,233,'854,Burkina Faso,SLC,Standard local currency units per USD,XOF,CFA Franc BCEAO,2009,2009,7021,Annual value,,470.293423299999970,X
BFA,2010-01-01,2010-12-31,233,'854,Burkina Faso,SLC,Standard local currency units per USD,XOF,CFA Franc BCEAO,2010,2010,7021,Annual value,,494.794262199999990,X
BFA,2011-01-01,2011-12-31,233,'854,Burkina Faso,SLC,Standard local currency units per USD,XOF,CFA Franc BCEAO,2011,2011,7021,Annual value,,471.248625699999990,X
BFA,2012-01-01,2012-12-31,233,'854,Burkina Faso,SLC,Standard local currency units per USD,XOF,CFA Franc BCEAO,2012,2012,7021,Annual value,,510.556338499999980,X
BFA,2013-01-01,2013-12-31,233,'854,Burkina Faso,SLC,Standard local currency units per USD,XOF,CFA Franc BCEAO,2013,2013,7021,Annual value,,493.899623899999990,X
BFA,2014-01-01,2014-12-31,233,'854,Burkina Faso,SLC,Standard local currency units per USD,XOF,CFA Franc BCEAO,2014,2014,7021,Annual value,,493.757329900000000,X
BFA,2015-01-01,2015-12-31,233,'854,Burkina Faso,SLC,Standard local currency units per USD,XOF,CFA Franc BCEAO,2015,2015,7021,Annual value,,591.211697999999960,X
BFA,2016-01-01,2016-12-31,233,'854,Burkina Faso,SLC,Standard local currency units per USD,XOF,CFA Franc BCEAO,2016,2016,7021,Annual value,,592.605615100000020,X
BFA,2017-01-01,2017-12-31,233,'854,Burkina Faso,SLC,Standard local currency units per USD,XOF,CFA Franc BCEAO,2017,2017,7021,Annual value,,580.656749600000010,X
BFA,2018-01-01,2018-12-31,233,'854,Burkina Faso,SLC,Standard local currency units per USD,XOF,CFA Franc BCEAO,2018,2018,7021,Annual value,,555.446458399999980,X
BFA,2019-01-01,2019-12-31,233,'854,Burkina Faso,SLC,Standard local currency units per USD,XOF,CFA Franc BCEAO,2019,2019,7021,Annual value,,585.911013199999960,X
BFA,2020-01-01,2020-12-31,233,'854,Burkina Faso,SLC,Standard local currency units per USD,XOF,CFA Franc BCEAO,2020,2020,7021,Annual value,,575.586004499999940,X
BFA,2021-01-01,2021-12-31,233,'854,Burkina Faso,SLC,Standard local currency units per USD,XOF,CFA Franc BCEAO,2021,2021,7021,Annual value,,554.530674999999970,X
BFA,2022-01-01,2022-12-31,233,'854,Burkina Faso,SLC,Standard local currency units per USD,XOF,CFA Franc BCEAO,2022,2022,7021,Annual value,,623.759700899999980,X
BFA,2023-01-01,2023-12-31,233,'854,Burkina Faso,SLC,Standard local currency units per USD,XOF,CFA Franc BCEAO,2023,2023,7021,Annual value,,606.569763200000010,X
BFA,2024-01-01,2024-12-31,233,'854,Burkina Faso,SLC,Standard local currency units per USD,XOF,CFA Franc BCEAO,2024,2024,7021,Annual value,,606.345297599999980,X
BFA,2025-01-01,2025-12-31,233,'854,Burkina Faso,SLC,Standard local currency units per USD,XOF,CFA Franc BCEAO,2025,2025,7021,Annual value,,581.928481000000030,X
